idx,n1,n2,method,eps,diff,util
0,1000,500,sampling,0.3,0.369,0.6565
0,1000,500,laplace,0.3,0.369,0.6565
0,1000,500,sampling,0.6,0.369,0.6565
0,1000,500,laplace,0.6,0.369,0.6565
0,1000,500,sampling,1.0,1.4989999999999997,1.3975
0,1000,500,laplace,1.0,0.369,0.6565
1,1000,500,sampling,0.3,0.49100000000000005,0.6805
1,1000,500,laplace,0.3,0.49100000000000005,0.6805
1,1000,500,sampling,0.6,0.704,1.386
1,1000,500,laplace,0.6,0.49100000000000005,0.6805
1,1000,500,sampling,1.0,0.4179999999999999,1.06
1,1000,500,laplace,1.0,0.49100000000000005,0.6805
2,1000,500,sampling,0.3,0.6860000000000002,1.374
2,1000,500,laplace,0.3,0.392,0.665
2,1000,500,sampling,0.6,0.6860000000000002,1.374
2,1000,500,laplace,0.6,0.392,0.665
2,1000,500,sampling,1.0,0.44700000000000006,1.0765
2,1000,500,laplace,1.0,0.392,0.665
3,1000,500,sampling,0.3,0.48400000000000004,0.677
3,1000,500,laplace,0.3,0.48400000000000004,0.677
3,1000,500,sampling,0.6,0.479,1.0815
3,1000,500,laplace,0.6,0.48400000000000004,0.677
3,1000,500,sampling,1.0,1.4009999999999998,1.3655
3,1000,500,laplace,1.0,0.48400000000000004,0.677
4,1000,500,sampling,0.3,0.43200000000000005,0.686
4,1000,500,laplace,0.3,0.43200000000000005,0.686
4,1000,500,sampling,0.6,0.504,1.073
4,1000,500,laplace,0.6,0.43200000000000005,0.686
4,1000,500,sampling,1.0,0.56,1.355
4,1000,500,laplace,1.0,0.43200000000000005,0.686
5,1000,500,sampling,0.3,0.431,0.6705
5,1000,500,laplace,0.3,0.431,0.6705
5,1000,500,sampling,0.6,0.431,0.6705
5,1000,500,laplace,0.6,0.431,0.6705
5,1000,500,sampling,1.0,0.431,0.6705
5,1000,500,laplace,1.0,0.431,0.6705
6,1000,500,sampling,0.3,0.456,0.678
6,1000,500,laplace,0.3,0.456,0.678
6,1000,500,sampling,0.6,1.5029999999999997,1.3755
6,1000,500,laplace,0.6,0.456,0.678
6,1000,500,sampling,1.0,0.696,1.364
6,1000,500,laplace,1.0,0.456,0.678
7,1000,500,sampling,0.3,0.48500000000000004,0.6925
7,1000,500,laplace,0.3,0.48500000000000004,0.6925
7,1000,500,sampling,0.6,0.48500000000000004,0.6925
7,1000,500,laplace,0.6,0.48500000000000004,0.6925
7,1000,500,sampling,1.0,0.42400000000000004,1.056
7,1000,500,laplace,1.0,0.48500000000000004,0.6925
8,1000,500,sampling,0.3,0.47300000000000003,0.6805
8,1000,500,laplace,0.3,0.47300000000000003,0.6805
8,1000,500,sampling,0.6,0.685,1.3955
8,1000,500,laplace,0.6,0.47300000000000003,0.6805
8,1000,500,sampling,1.0,0.47300000000000003,0.6805
8,1000,500,laplace,1.0,0.47300000000000003,0.6805
9,1000,500,sampling,0.3,0.458,0.687
9,1000,500,laplace,0.3,0.458,0.687
9,1000,500,sampling,0.6,0.458,0.687
9,1000,500,laplace,0.6,0.458,0.687
9,1000,500,sampling,1.0,0.41600000000000004,1.068
9,1000,500,laplace,1.0,0.458,0.687
10,1000,500,sampling,0.3,0.476,1.105
10,1000,500,laplace,0.3,0.44900000000000007,0.6975
10,1000,500,sampling,0.6,0.44900000000000007,0.6975
10,1000,500,laplace,0.6,0.44900000000000007,0.6975
10,1000,500,sampling,1.0,0.645,1.3535
10,1000,500,laplace,1.0,0.44900000000000007,0.6975
11,1000,500,sampling,0.3,0.41,0.666
11,1000,500,laplace,0.3,0.41,0.666
11,1000,500,sampling,0.6,0.6989999999999998,1.4055
11,1000,500,laplace,0.6,0.41,0.666
11,1000,500,sampling,1.0,1.4229999999999998,1.3305
11,1000,500,laplace,1.0,0.41,0.666
12,1000,500,sampling,0.3,0.453,0.6685
12,1000,500,laplace,0.3,0.453,0.6685
12,1000,500,sampling,0.6,0.5820000000000001,1.364
12,1000,500,laplace,0.6,0.453,0.6685
12,1000,500,sampling,1.0,0.453,0.6685
12,1000,500,laplace,1.0,0.453,0.6685
13,1000,500,sampling,0.3,0.459,0.6645
13,1000,500,laplace,0.3,0.459,0.6645
13,1000,500,sampling,0.6,0.3839999999999999,1.069
13,1000,500,laplace,0.6,0.459,0.6645
13,1000,500,sampling,1.0,0.3839999999999999,1.069
13,1000,500,laplace,1.0,0.459,0.6645
14,1000,500,sampling,0.3,0.42500000000000004,0.6905
14,1000,500,laplace,0.3,0.42500000000000004,0.6905
14,1000,500,sampling,0.6,0.6799999999999999,1.362
14,1000,500,laplace,0.6,0.42500000000000004,0.6905
14,1000,500,sampling,1.0,0.42500000000000004,0.6905
14,1000,500,laplace,1.0,0.42500000000000004,0.6905
15,1000,500,sampling,0.3,0.467,0.6665
15,1000,500,laplace,0.3,0.467,0.6665
15,1000,500,sampling,0.6,0.613,1.3895
15,1000,500,laplace,0.6,0.467,0.6665
15,1000,500,sampling,1.0,0.467,0.6665
15,1000,500,laplace,1.0,0.467,0.6665
16,1000,500,sampling,0.3,0.47000000000000003,0.679
16,1000,500,laplace,0.3,0.47000000000000003,0.679
16,1000,500,sampling,0.6,0.43800000000000006,1.057
16,1000,500,laplace,0.6,0.47000000000000003,0.679
16,1000,500,sampling,1.0,0.6120000000000001,1.397
16,1000,500,laplace,1.0,0.47000000000000003,0.679
17,1000,500,sampling,0.3,0.4179999999999999,1.056
17,1000,500,laplace,0.3,0.454,0.681
17,1000,500,sampling,0.6,0.716,1.396
17,1000,500,laplace,0.6,0.454,0.681
17,1000,500,sampling,1.0,0.454,0.681
17,1000,500,laplace,1.0,0.454,0.681
18,1000,500,sampling,0.3,0.426,0.654
18,1000,500,laplace,0.3,0.426,0.654
18,1000,500,sampling,0.6,0.426,0.654
18,1000,500,laplace,0.6,0.426,0.654
18,1000,500,sampling,1.0,1.5,1.396
18,1000,500,laplace,1.0,0.426,0.654
19,1000,500,sampling,0.3,0.437,0.6795
19,1000,500,laplace,0.3,0.437,0.6795
19,1000,500,sampling,0.6,0.43199999999999994,1.101
19,1000,500,laplace,0.6,0.437,0.6795
19,1000,500,sampling,1.0,0.663,1.3675
19,1000,500,laplace,1.0,0.437,0.6795
20,1000,500,sampling,0.3,0.457,0.6665
20,1000,500,laplace,0.3,0.457,0.6665
20,1000,500,sampling,0.6,0.457,0.6665
20,1000,500,laplace,0.6,0.457,0.6665
20,1000,500,sampling,1.0,0.44000000000000006,1.096
20,1000,500,laplace,1.0,0.457,0.6665
21,1000,500,sampling,0.3,0.46499999999999997,0.7135
21,1000,500,laplace,0.3,0.46499999999999997,0.7135
21,1000,500,sampling,0.6,0.657,1.3735
21,1000,500,laplace,0.6,0.46499999999999997,0.7135
21,1000,500,sampling,1.0,0.4970000000000001,1.0875
21,1000,500,laplace,1.0,0.46499999999999997,0.7135
22,1000,500,sampling,0.3,0.47000000000000003,0.695
22,1000,500,laplace,0.3,0.47000000000000003,0.695
22,1000,500,sampling,0.6,0.6990000000000001,1.3855
22,1000,500,laplace,0.6,0.47000000000000003,0.695
22,1000,500,sampling,1.0,0.6990000000000001,1.3855
22,1000,500,laplace,1.0,0.47000000000000003,0.695
23,1000,500,sampling,0.3,0.512,0.681
23,1000,500,laplace,0.3,0.512,0.681
23,1000,500,sampling,0.6,0.512,0.681
23,1000,500,laplace,0.6,0.512,0.681
23,1000,500,sampling,1.0,1.3920000000000001,1.335
23,1000,500,laplace,1.0,0.512,0.681
24,1000,500,sampling,0.3,0.48700000000000004,0.6665
24,1000,500,laplace,0.3,0.48700000000000004,0.6665
24,1000,500,sampling,0.6,1.4420000000000002,1.359
24,1000,500,laplace,0.6,0.48700000000000004,0.6665
24,1000,500,sampling,1.0,1.4420000000000002,1.359
24,1000,500,laplace,1.0,0.48700000000000004,0.6665
25,1000,500,sampling,0.3,0.47500000000000003,0.6615
25,1000,500,laplace,0.3,0.47500000000000003,0.6615
25,1000,500,sampling,0.6,0.47500000000000003,0.6615
25,1000,500,laplace,0.6,0.47500000000000003,0.6615
25,1000,500,sampling,1.0,0.3949999999999999,1.0615
25,1000,500,laplace,1.0,0.47500000000000003,0.6615
26,1000,500,sampling,0.3,0.45500000000000007,0.6975
26,1000,500,laplace,0.3,0.45500000000000007,0.6975
26,1000,500,sampling,0.6,0.532,1.046
26,1000,500,laplace,0.6,0.45500000000000007,0.6975
26,1000,500,sampling,1.0,0.6859999999999999,1.416
26,1000,500,laplace,1.0,0.45500000000000007,0.6975
27,1000,500,sampling,0.3,0.48400000000000004,0.682
27,1000,500,laplace,0.3,0.48400000000000004,0.682
27,1000,500,sampling,0.6,0.48400000000000004,0.682
27,1000,500,laplace,0.6,0.48400000000000004,0.682
27,1000,500,sampling,1.0,0.44999999999999996,1.078
27,1000,500,laplace,1.0,0.48400000000000004,0.682
28,1000,500,sampling,0.3,0.439,0.6375
28,1000,500,laplace,0.3,0.439,0.6375
28,1000,500,sampling,0.6,0.506,1.088
28,1000,500,laplace,0.6,0.439,0.6375
28,1000,500,sampling,1.0,0.506,1.088
28,1000,500,laplace,1.0,0.439,0.6375
29,1000,500,sampling,0.3,0.607,1.3845
29,1000,500,laplace,0.3,0.524,0.696
29,1000,500,sampling,0.6,0.41000000000000014,1.026
29,1000,500,laplace,0.6,0.524,0.696
29,1000,500,sampling,1.0,0.524,0.696
29,1000,500,laplace,1.0,0.524,0.696
30,1000,500,sampling,0.3,0.457,0.6785
30,1000,500,laplace,0.3,0.457,0.6785
30,1000,500,sampling,0.6,0.457,0.6785
30,1000,500,laplace,0.6,0.457,0.6785
30,1000,500,sampling,1.0,0.673,1.3805
30,1000,500,laplace,1.0,0.457,0.6785
31,1000,500,sampling,0.3,0.442,0.637
31,1000,500,laplace,0.3,0.442,0.637
31,1000,500,sampling,0.6,0.442,0.637
31,1000,500,laplace,0.6,0.442,0.637
31,1000,500,sampling,1.0,1.415,1.3885
31,1000,500,laplace,1.0,0.442,0.637
32,1000,500,sampling,0.3,0.53,0.695
32,1000,500,laplace,0.3,0.53,0.695
32,1000,500,sampling,0.6,0.53,0.695
32,1000,500,laplace,0.6,0.53,0.695
32,1000,500,sampling,1.0,0.40800000000000003,1.07
32,1000,500,laplace,1.0,0.53,0.695
33,1000,500,sampling,0.3,0.382,0.663
33,1000,500,laplace,0.3,0.382,0.663
33,1000,500,sampling,0.6,0.382,0.663
33,1000,500,laplace,0.6,0.382,0.663
33,1000,500,sampling,1.0,0.4970000000000001,1.1115
33,1000,500,laplace,1.0,0.382,0.663
34,1000,500,sampling,0.3,0.443,0.6655
34,1000,500,laplace,0.3,0.443,0.6655
34,1000,500,sampling,0.6,0.677,1.3845
34,1000,500,laplace,0.6,0.443,0.6655
34,1000,500,sampling,1.0,0.677,1.3845
34,1000,500,laplace,1.0,0.443,0.6655
35,1000,500,sampling,0.3,0.432,0.676
35,1000,500,laplace,0.3,0.432,0.676
35,1000,500,sampling,0.6,0.432,0.676
35,1000,500,laplace,0.6,0.432,0.676
35,1000,500,sampling,1.0,0.7070000000000001,1.4145
35,1000,500,laplace,1.0,0.432,0.676
36,1000,500,sampling,0.3,0.43600000000000005,0.689
36,1000,500,laplace,0.3,0.43600000000000005,0.689
36,1000,500,sampling,0.6,0.43600000000000005,0.689
36,1000,500,laplace,0.6,0.43600000000000005,0.689
36,1000,500,sampling,1.0,0.43600000000000005,0.689
36,1000,500,laplace,1.0,0.43600000000000005,0.689
37,1000,500,sampling,0.3,0.32500000000000007,0.6475
37,1000,500,laplace,0.3,0.32500000000000007,0.6475
37,1000,500,sampling,0.6,0.7,1.401
37,1000,500,laplace,0.6,0.32500000000000007,0.6475
37,1000,500,sampling,1.0,0.7,1.401
37,1000,500,laplace,1.0,0.32500000000000007,0.6475
38,1000,500,sampling,0.3,0.489,0.7175
38,1000,500,laplace,0.3,0.489,0.7175
38,1000,500,sampling,0.6,0.489,0.7175
38,1000,500,laplace,0.6,0.489,0.7175
38,1000,500,sampling,1.0,0.42800000000000005,1.015
38,1000,500,laplace,1.0,0.489,0.7175
39,1000,500,sampling,0.3,0.43400000000000005,0.693
39,1000,500,laplace,0.3,0.43400000000000005,0.693
39,1000,500,sampling,0.6,0.43400000000000005,0.693
39,1000,500,laplace,0.6,0.43400000000000005,0.693
39,1000,500,sampling,1.0,0.6740000000000002,1.348
39,1000,500,laplace,1.0,0.43400000000000005,0.693
40,1000,500,sampling,0.3,0.48300000000000004,0.6635
40,1000,500,laplace,0.3,0.48300000000000004,0.6635
40,1000,500,sampling,0.6,0.48300000000000004,0.6635
40,1000,500,laplace,0.6,0.48300000000000004,0.6635
40,1000,500,sampling,1.0,0.48300000000000004,0.6635
40,1000,500,laplace,1.0,0.48300000000000004,0.6635
41,1000,500,sampling,0.3,0.48300000000000004,0.6775
41,1000,500,laplace,0.3,0.48300000000000004,0.6775
41,1000,500,sampling,0.6,0.48300000000000004,0.6775
41,1000,500,laplace,0.6,0.48300000000000004,0.6775
41,1000,500,sampling,1.0,0.6379999999999999,1.381
41,1000,500,laplace,1.0,0.48300000000000004,0.6775
42,1000,500,sampling,0.3,0.422,0.675
42,1000,500,laplace,0.3,0.422,0.675
42,1000,500,sampling,0.6,0.422,0.675
42,1000,500,laplace,0.6,0.422,0.675
42,1000,500,sampling,1.0,0.43399999999999994,1.11
42,1000,500,laplace,1.0,0.422,0.675
43,1000,500,sampling,0.3,0.48000000000000004,0.678
43,1000,500,laplace,0.3,0.48000000000000004,0.678
43,1000,500,sampling,0.6,0.6300000000000001,1.362
43,1000,500,laplace,0.6,0.48000000000000004,0.678
43,1000,500,sampling,1.0,0.6300000000000001,1.362
43,1000,500,laplace,1.0,0.48000000000000004,0.678
44,1000,500,sampling,0.3,0.47500000000000003,0.6795
44,1000,500,laplace,0.3,0.47500000000000003,0.6795
44,1000,500,sampling,0.6,0.45299999999999996,1.0645
44,1000,500,laplace,0.6,0.47500000000000003,0.6795
44,1000,500,sampling,1.0,0.45299999999999996,1.0645
44,1000,500,laplace,1.0,0.47500000000000003,0.6795
45,1000,500,sampling,0.3,0.47200000000000003,0.651
45,1000,500,laplace,0.3,0.47200000000000003,0.651
45,1000,500,sampling,0.6,0.7030000000000001,1.3925
45,1000,500,laplace,0.6,0.47200000000000003,0.651
45,1000,500,sampling,1.0,0.45799999999999996,1.098
45,1000,500,laplace,1.0,0.47200000000000003,0.651
46,1000,500,sampling,0.3,0.40599999999999997,0.625
46,1000,500,laplace,0.3,0.40599999999999997,0.625
46,1000,500,sampling,0.6,0.40599999999999997,0.625
46,1000,500,laplace,0.6,0.40599999999999997,0.625
46,1000,500,sampling,1.0,0.40599999999999997,0.625
46,1000,500,laplace,1.0,0.40599999999999997,0.625
47,1000,500,sampling,0.3,0.6320000000000001,1.385
47,1000,500,laplace,0.3,0.46,0.689
47,1000,500,sampling,0.6,0.46,0.689
47,1000,500,laplace,0.6,0.46,0.689
47,1000,500,sampling,1.0,0.6320000000000001,1.385
47,1000,500,laplace,1.0,0.46,0.689
48,1000,500,sampling,0.3,0.449,0.6415
48,1000,500,laplace,0.3,0.449,0.6415
48,1000,500,sampling,0.6,0.6279999999999999,1.388
48,1000,500,laplace,0.6,0.449,0.6415
48,1000,500,sampling,1.0,0.45599999999999996,1.077
48,1000,500,laplace,1.0,0.449,0.6415
49,1000,500,sampling,0.3,0.464,0.692
49,1000,500,laplace,0.3,0.464,0.692
49,1000,500,sampling,0.6,0.464,0.692
49,1000,500,laplace,0.6,0.464,0.692
49,1000,500,sampling,1.0,1.4600000000000002,1.353
49,1000,500,laplace,1.0,0.464,0.692
50,1000,500,sampling,0.3,0.4139999999999999,1.072
50,1000,500,laplace,0.3,0.54,0.713
50,1000,500,sampling,0.6,0.54,0.713
50,1000,500,laplace,0.6,0.54,0.713
50,1000,500,sampling,1.0,0.4139999999999999,1.072
50,1000,500,laplace,1.0,0.54,0.713
51,1000,500,sampling,0.3,0.48999999999999994,0.696
51,1000,500,laplace,0.3,0.48999999999999994,0.696
51,1000,500,sampling,0.6,0.669,1.3895
51,1000,500,laplace,0.6,0.48999999999999994,0.696
51,1000,500,sampling,1.0,0.669,1.3895
51,1000,500,laplace,1.0,0.48999999999999994,0.696
52,1000,500,sampling,0.3,0.457,0.6895
52,1000,500,laplace,0.3,0.457,0.6895
52,1000,500,sampling,0.6,0.457,0.6895
52,1000,500,laplace,0.6,0.457,0.6895
52,1000,500,sampling,1.0,0.457,0.6895
52,1000,500,laplace,1.0,0.457,0.6895
53,1000,500,sampling,0.3,0.45399999999999996,0.716
53,1000,500,laplace,0.3,0.45399999999999996,0.716
53,1000,500,sampling,0.6,0.6930000000000001,1.3715
53,1000,500,laplace,0.6,0.45399999999999996,0.716
53,1000,500,sampling,1.0,0.45399999999999996,0.716
53,1000,500,laplace,1.0,0.45399999999999996,0.716
54,1000,500,sampling,0.3,0.48400000000000004,0.69
54,1000,500,laplace,0.3,0.48400000000000004,0.69
54,1000,500,sampling,0.6,0.6139999999999999,1.377
54,1000,500,laplace,0.6,0.48400000000000004,0.69
54,1000,500,sampling,1.0,0.48400000000000004,0.69
54,1000,500,laplace,1.0,0.48400000000000004,0.69
55,1000,500,sampling,0.3,0.4650000000000001,1.1015
55,1000,500,laplace,0.3,0.41200000000000003,0.683
55,1000,500,sampling,0.6,0.4650000000000001,1.1015
55,1000,500,laplace,0.6,0.41200000000000003,0.683
55,1000,500,sampling,1.0,0.41200000000000003,0.683
55,1000,500,laplace,1.0,0.41200000000000003,0.683
56,1000,500,sampling,0.3,0.706,1.385
56,1000,500,laplace,0.3,0.452,0.68
56,1000,500,sampling,0.6,0.43799999999999994,1.076
56,1000,500,laplace,0.6,0.452,0.68
56,1000,500,sampling,1.0,0.452,0.68
56,1000,500,laplace,1.0,0.452,0.68
57,1000,500,sampling,0.3,0.409,0.6475
57,1000,500,laplace,0.3,0.409,0.6475
57,1000,500,sampling,0.6,0.393,1.1095
57,1000,500,laplace,0.6,0.409,0.6475
57,1000,500,sampling,1.0,0.685,1.3845
57,1000,500,laplace,1.0,0.409,0.6475
58,1000,500,sampling,0.3,0.42300000000000004,0.7155
58,1000,500,laplace,0.3,0.42300000000000004,0.7155
58,1000,500,sampling,0.6,0.471,1.0495
58,1000,500,laplace,0.6,0.42300000000000004,0.7155
58,1000,500,sampling,1.0,0.643,1.3795
58,1000,500,laplace,1.0,0.42300000000000004,0.7155
59,1000,500,sampling,0.3,0.418,0.663
59,1000,500,laplace,0.3,0.418,0.663
59,1000,500,sampling,0.6,0.418,0.663
59,1000,500,laplace,0.6,0.418,0.663
59,1000,500,sampling,1.0,0.6679999999999999,1.376
59,1000,500,laplace,1.0,0.418,0.663
60,1000,500,sampling,0.3,0.465,0.6535
60,1000,500,laplace,0.3,0.465,0.6535
60,1000,500,sampling,0.6,0.631,1.3785
60,1000,500,laplace,0.6,0.465,0.6535
60,1000,500,sampling,1.0,0.631,1.3785
60,1000,500,laplace,1.0,0.465,0.6535
61,1000,500,sampling,0.3,0.42700000000000005,0.6885
61,1000,500,laplace,0.3,0.42700000000000005,0.6885
61,1000,500,sampling,0.6,0.6380000000000001,1.352
61,1000,500,laplace,0.6,0.42700000000000005,0.6885
61,1000,500,sampling,1.0,0.6380000000000001,1.352
61,1000,500,laplace,1.0,0.42700000000000005,0.6885
62,1000,500,sampling,0.3,0.42500000000000004,0.6855
62,1000,500,laplace,0.3,0.42500000000000004,0.6855
62,1000,500,sampling,0.6,0.6540000000000001,1.406
62,1000,500,laplace,0.6,0.42500000000000004,0.6855
62,1000,500,sampling,1.0,0.4580000000000001,1.063
62,1000,500,laplace,1.0,0.42500000000000004,0.6855
63,1000,500,sampling,0.3,0.48000000000000004,0.682
63,1000,500,laplace,0.3,0.48000000000000004,0.682
63,1000,500,sampling,0.6,0.48000000000000004,0.682
63,1000,500,laplace,0.6,0.48000000000000004,0.682
63,1000,500,sampling,1.0,0.42100000000000004,1.0575
63,1000,500,laplace,1.0,0.48000000000000004,0.682
64,1000,500,sampling,0.3,0.44500000000000006,1.0655
64,1000,500,laplace,0.3,0.526,0.718
64,1000,500,sampling,0.6,0.526,0.718
64,1000,500,laplace,0.6,0.526,0.718
64,1000,500,sampling,1.0,0.44500000000000006,1.0655
64,1000,500,laplace,1.0,0.526,0.718
65,1000,500,sampling,0.3,0.449,0.6825
65,1000,500,laplace,0.3,0.449,0.6825
65,1000,500,sampling,0.6,0.4790000000000001,1.0765
65,1000,500,laplace,0.6,0.449,0.6825
65,1000,500,sampling,1.0,0.449,0.6825
65,1000,500,laplace,1.0,0.449,0.6825
66,1000,500,sampling,0.3,0.412,0.666
66,1000,500,laplace,0.3,0.412,0.666
66,1000,500,sampling,0.6,0.412,0.666
66,1000,500,laplace,0.6,0.412,0.666
66,1000,500,sampling,1.0,0.6580000000000001,1.374
66,1000,500,laplace,1.0,0.412,0.666
67,1000,500,sampling,0.3,0.418,0.652
67,1000,500,laplace,0.3,0.418,0.652
67,1000,500,sampling,0.6,0.418,0.652
67,1000,500,laplace,0.6,0.418,0.652
67,1000,500,sampling,1.0,0.418,0.652
67,1000,500,laplace,1.0,0.418,0.652
68,1000,500,sampling,0.3,0.40700000000000003,0.6955
68,1000,500,laplace,0.3,0.40700000000000003,0.6955
68,1000,500,sampling,0.6,0.6960000000000002,1.389
68,1000,500,laplace,0.6,0.40700000000000003,0.6955
68,1000,500,sampling,1.0,0.46199999999999997,1.082
68,1000,500,laplace,1.0,0.40700000000000003,0.6955
69,1000,500,sampling,0.3,0.44800000000000006,0.706
69,1000,500,laplace,0.3,0.44800000000000006,0.706
69,1000,500,sampling,0.6,0.474,1.06
69,1000,500,laplace,0.6,0.44800000000000006,0.706
69,1000,500,sampling,1.0,0.7040000000000002,1.389
69,1000,500,laplace,1.0,0.44800000000000006,0.706
70,1000,500,sampling,0.3,0.445,0.6585
70,1000,500,laplace,0.3,0.445,0.6585
70,1000,500,sampling,0.6,0.445,0.6585
70,1000,500,laplace,0.6,0.445,0.6585
70,1000,500,sampling,1.0,0.445,0.6585
70,1000,500,laplace,1.0,0.445,0.6585
71,1000,500,sampling,0.3,0.391,0.7025
71,1000,500,laplace,0.3,0.391,0.7025
71,1000,500,sampling,0.6,0.698,1.381
71,1000,500,laplace,0.6,0.391,0.7025
71,1000,500,sampling,1.0,0.4640000000000001,1.078
71,1000,500,laplace,1.0,0.391,0.7025
72,1000,500,sampling,0.3,0.448,0.672
72,1000,500,laplace,0.3,0.448,0.672
72,1000,500,sampling,0.6,0.593,1.3755
72,1000,500,laplace,0.6,0.448,0.672
72,1000,500,sampling,1.0,0.448,0.672
72,1000,500,laplace,1.0,0.448,0.672
73,1000,500,sampling,0.3,0.6940000000000002,1.38
73,1000,500,laplace,0.3,0.467,0.6595
73,1000,500,sampling,0.6,0.6940000000000002,1.38
73,1000,500,laplace,0.6,0.467,0.6595
73,1000,500,sampling,1.0,0.467,0.6595
73,1000,500,laplace,1.0,0.467,0.6595
74,1000,500,sampling,0.3,0.463,0.6925
74,1000,500,laplace,0.3,0.463,0.6925
74,1000,500,sampling,0.6,0.463,0.6925
74,1000,500,laplace,0.6,0.463,0.6925
74,1000,500,sampling,1.0,0.463,0.6925
74,1000,500,laplace,1.0,0.463,0.6925
75,1000,500,sampling,0.3,0.467,0.6755
75,1000,500,laplace,0.3,0.467,0.6755
75,1000,500,sampling,0.6,1.396,1.343
75,1000,500,laplace,0.6,0.467,0.6755
75,1000,500,sampling,1.0,0.467,0.6755
75,1000,500,laplace,1.0,0.467,0.6755
76,1000,500,sampling,0.3,0.6739999999999999,1.369
76,1000,500,laplace,0.3,0.435,0.6755
76,1000,500,sampling,0.6,0.435,0.6755
76,1000,500,laplace,0.6,0.435,0.6755
76,1000,500,sampling,1.0,0.473,1.1145
76,1000,500,laplace,1.0,0.435,0.6755
77,1000,500,sampling,0.3,0.39799999999999996,0.661
77,1000,500,laplace,0.3,0.39799999999999996,0.661
77,1000,500,sampling,0.6,0.44599999999999995,1.072
77,1000,500,laplace,0.6,0.39799999999999996,0.661
77,1000,500,sampling,1.0,0.39799999999999996,0.661
77,1000,500,laplace,1.0,0.39799999999999996,0.661
78,1000,500,sampling,0.3,0.484,1.052
78,1000,500,laplace,0.3,0.44400000000000006,0.697
78,1000,500,sampling,0.6,0.5899999999999999,1.381
78,1000,500,laplace,0.6,0.44400000000000006,0.697
78,1000,500,sampling,1.0,0.44400000000000006,0.697
78,1000,500,laplace,1.0,0.44400000000000006,0.697
79,1000,500,sampling,0.3,0.5249999999999999,0.7075
79,1000,500,laplace,0.3,0.5249999999999999,0.7075
79,1000,500,sampling,0.6,0.5249999999999999,0.7075
79,1000,500,laplace,0.6,0.5249999999999999,0.7075
79,1000,500,sampling,1.0,0.633,1.3615
79,1000,500,laplace,1.0,0.5249999999999999,0.7075
80,1000,500,sampling,0.3,0.397,0.6855
80,1000,500,laplace,0.3,0.397,0.6855
80,1000,500,sampling,0.6,0.397,0.6855
80,1000,500,laplace,0.6,0.397,0.6855
80,1000,500,sampling,1.0,0.397,0.6855
80,1000,500,laplace,1.0,0.397,0.6855
81,1000,500,sampling,0.3,0.49999999999999994,0.692
81,1000,500,laplace,0.3,0.49999999999999994,0.692
81,1000,500,sampling,0.6,0.395,1.0485
81,1000,500,laplace,0.6,0.49999999999999994,0.692
81,1000,500,sampling,1.0,0.6379999999999999,1.345
81,1000,500,laplace,1.0,0.49999999999999994,0.692
82,1000,500,sampling,0.3,0.49300000000000005,0.6735
82,1000,500,laplace,0.3,0.49300000000000005,0.6735
82,1000,500,sampling,0.6,0.49300000000000005,0.6735
82,1000,500,laplace,0.6,0.49300000000000005,0.6735
82,1000,500,sampling,1.0,0.49300000000000005,0.6735
82,1000,500,laplace,1.0,0.49300000000000005,0.6735
83,1000,500,sampling,0.3,0.44200000000000006,0.696
83,1000,500,laplace,0.3,0.44200000000000006,0.696
83,1000,500,sampling,0.6,0.44200000000000006,0.696
83,1000,500,laplace,0.6,0.44200000000000006,0.696
83,1000,500,sampling,1.0,0.43699999999999994,1.0585
83,1000,500,laplace,1.0,0.44200000000000006,0.696
84,1000,500,sampling,0.3,0.42600000000000005,0.691
84,1000,500,laplace,0.3,0.42600000000000005,0.691
84,1000,500,sampling,0.6,0.42600000000000005,0.691
84,1000,500,laplace,0.6,0.42600000000000005,0.691
84,1000,500,sampling,1.0,0.7190000000000001,1.3765
84,1000,500,laplace,1.0,0.42600000000000005,0.691
85,1000,500,sampling,0.3,0.49699999999999994,0.6935
85,1000,500,laplace,0.3,0.49699999999999994,0.6935
85,1000,500,sampling,0.6,0.42100000000000004,1.0515
85,1000,500,laplace,0.6,0.49699999999999994,0.6935
85,1000,500,sampling,1.0,1.46,1.368
85,1000,500,laplace,1.0,0.49699999999999994,0.6935
86,1000,500,sampling,0.3,0.436,0.672
86,1000,500,laplace,0.3,0.436,0.672
86,1000,500,sampling,0.6,0.41000000000000003,1.053
86,1000,500,laplace,0.6,0.436,0.672
86,1000,500,sampling,1.0,0.436,0.672
86,1000,500,laplace,1.0,0.436,0.672
87,1000,500,sampling,0.3,0.454,0.687
87,1000,500,laplace,0.3,0.454,0.687
87,1000,500,sampling,0.6,0.454,0.687
87,1000,500,laplace,0.6,0.454,0.687
87,1000,500,sampling,1.0,0.45599999999999996,1.047
87,1000,500,laplace,1.0,0.454,0.687
88,1000,500,sampling,0.3,0.442,0.676
88,1000,500,laplace,0.3,0.442,0.676
88,1000,500,sampling,0.6,0.442,0.676
88,1000,500,laplace,0.6,0.442,0.676
88,1000,500,sampling,1.0,0.442,0.676
88,1000,500,laplace,1.0,0.442,0.676
89,1000,500,sampling,0.3,0.6120000000000001,1.347
89,1000,500,laplace,0.3,0.468,0.682
89,1000,500,sampling,0.6,0.468,0.682
89,1000,500,laplace,0.6,0.468,0.682
89,1000,500,sampling,1.0,0.6120000000000001,1.347
89,1000,500,laplace,1.0,0.468,0.682
90,1000,500,sampling,0.3,0.403,0.6765
90,1000,500,laplace,0.3,0.403,0.6765
90,1000,500,sampling,0.6,0.5060000000000001,1.095
90,1000,500,laplace,0.6,0.403,0.6765
90,1000,500,sampling,1.0,0.5060000000000001,1.095
90,1000,500,laplace,1.0,0.403,0.6765
91,1000,500,sampling,0.3,0.44300000000000006,0.6995
91,1000,500,laplace,0.3,0.44300000000000006,0.6995
91,1000,500,sampling,0.6,0.6300000000000001,1.408
91,1000,500,laplace,0.6,0.44300000000000006,0.6995
91,1000,500,sampling,1.0,0.4919999999999999,1.047
91,1000,500,laplace,1.0,0.44300000000000006,0.6995
92,1000,500,sampling,0.3,0.436,0.67
92,1000,500,laplace,0.3,0.436,0.67
92,1000,500,sampling,0.6,0.436,0.67
92,1000,500,laplace,0.6,0.436,0.67
92,1000,500,sampling,1.0,0.6740000000000002,1.396
92,1000,500,laplace,1.0,0.436,0.67
93,1000,500,sampling,0.3,0.427,0.6675
93,1000,500,laplace,0.3,0.427,0.6675
93,1000,500,sampling,0.6,0.653,1.3895
93,1000,500,laplace,0.6,0.427,0.6675
93,1000,500,sampling,1.0,1.419,1.3455
93,1000,500,laplace,1.0,0.427,0.6675
94,1000,500,sampling,0.3,0.4809999999999999,0.7015
94,1000,500,laplace,0.3,0.4809999999999999,0.7015
94,1000,500,sampling,0.6,0.4809999999999999,0.7015
94,1000,500,laplace,0.6,0.4809999999999999,0.7015
94,1000,500,sampling,1.0,0.406,1.051
94,1000,500,laplace,1.0,0.4809999999999999,0.7015
95,1000,500,sampling,0.3,0.6239999999999999,1.338
95,1000,500,laplace,0.3,0.436,0.679
95,1000,500,sampling,0.6,1.4680000000000002,1.377
95,1000,500,laplace,0.6,0.436,0.679
95,1000,500,sampling,1.0,0.436,0.679
95,1000,500,laplace,1.0,0.436,0.679
96,1000,500,sampling,0.3,0.506,0.709
96,1000,500,laplace,0.3,0.506,0.709
96,1000,500,sampling,0.6,0.506,0.709
96,1000,500,laplace,0.6,0.506,0.709
96,1000,500,sampling,1.0,0.3630000000000001,1.0435
96,1000,500,laplace,1.0,0.506,0.709
97,1000,500,sampling,0.3,0.54,1.093
97,1000,500,laplace,0.3,0.439,0.6755
97,1000,500,sampling,0.6,0.54,1.093
97,1000,500,laplace,0.6,0.439,0.6755
97,1000,500,sampling,1.0,0.571,1.3765
97,1000,500,laplace,1.0,0.439,0.6755
98,1000,500,sampling,0.3,0.464,0.683
98,1000,500,laplace,0.3,0.464,0.683
98,1000,500,sampling,0.6,0.464,0.683
98,1000,500,laplace,0.6,0.464,0.683
98,1000,500,sampling,1.0,1.403,1.3815
98,1000,500,laplace,1.0,0.464,0.683
99,1000,500,sampling,0.3,0.645,1.4085
99,1000,500,laplace,0.3,0.462,0.675
99,1000,500,sampling,0.6,0.462,0.675
99,1000,500,laplace,0.6,0.462,0.675
99,1000,500,sampling,1.0,0.4089999999999999,1.0485
99,1000,500,laplace,1.0,0.462,0.675
0,2000,1000,sampling,0.3,0.4655,0.69425
0,2000,1000,laplace,0.3,0.4655,0.69425
0,2000,1000,sampling,0.6,0.625,1.369
0,2000,1000,laplace,0.6,0.4655,0.69425
0,2000,1000,sampling,1.0,0.4655,0.69425
0,2000,1000,laplace,1.0,0.4655,0.69425
1,2000,1000,sampling,0.3,0.43449999999999994,0.67125
1,2000,1000,laplace,0.3,0.43449999999999994,0.67125
1,2000,1000,sampling,0.6,0.4754999999999999,1.04675
1,2000,1000,laplace,0.6,0.43449999999999994,0.67125
1,2000,1000,sampling,1.0,0.43449999999999994,0.67125
1,2000,1000,laplace,1.0,0.43449999999999994,0.67125
2,2000,1000,sampling,0.3,0.4415,0.66125
2,2000,1000,laplace,0.3,0.4415,0.66125
2,2000,1000,sampling,0.6,0.6285000000000001,1.36875
2,2000,1000,laplace,0.6,0.4415,0.66125
2,2000,1000,sampling,1.0,0.4849999999999999,1.101
2,2000,1000,laplace,1.0,0.4415,0.66125
3,2000,1000,sampling,0.3,0.6409999999999998,1.368
3,2000,1000,laplace,0.3,0.45899999999999996,0.667
3,2000,1000,sampling,0.6,0.45999999999999996,1.079
3,2000,1000,laplace,0.6,0.45899999999999996,0.667
3,2000,1000,sampling,1.0,0.45899999999999996,0.667
3,2000,1000,laplace,1.0,0.45899999999999996,0.667
4,2000,1000,sampling,0.3,0.45499999999999996,0.685
4,2000,1000,laplace,0.3,0.45499999999999996,0.685
4,2000,1000,sampling,0.6,0.4535,1.08175
4,2000,1000,laplace,0.6,0.45499999999999996,0.685
4,2000,1000,sampling,1.0,0.6325000000000001,1.36425
4,2000,1000,laplace,1.0,0.45499999999999996,0.685
5,2000,1000,sampling,0.3,0.44899999999999995,0.677
5,2000,1000,laplace,0.3,0.44899999999999995,0.677
5,2000,1000,sampling,0.6,0.44899999999999995,0.677
5,2000,1000,laplace,0.6,0.44899999999999995,0.677
5,2000,1000,sampling,1.0,0.4095,1.06575
5,2000,1000,laplace,1.0,0.44899999999999995,0.677
6,2000,1000,sampling,0.3,0.6645000000000001,1.37075
6,2000,1000,laplace,0.3,0.47500000000000003,0.6785
6,2000,1000,sampling,0.6,1.4325,1.38075
6,2000,1000,laplace,0.6,0.47500000000000003,0.6785
6,2000,1000,sampling,1.0,0.6645000000000001,1.37075
6,2000,1000,laplace,1.0,0.47500000000000003,0.6785
7,2000,1000,sampling,0.3,0.48800000000000004,0.667
7,2000,1000,laplace,0.3,0.48800000000000004,0.667
7,2000,1000,sampling,0.6,0.6675,1.37475
7,2000,1000,laplace,0.6,0.48800000000000004,0.667
7,2000,1000,sampling,1.0,0.48800000000000004,0.667
7,2000,1000,laplace,1.0,0.48800000000000004,0.667
8,2000,1000,sampling,0.3,0.4164999999999999,0.66825
8,2000,1000,laplace,0.3,0.4164999999999999,0.66825
8,2000,1000,sampling,0.6,0.4164999999999999,0.66825
8,2000,1000,laplace,0.6,0.4164999999999999,0.66825
8,2000,1000,sampling,1.0,0.6765000000000001,1.37925
8,2000,1000,laplace,1.0,0.4164999999999999,0.66825
9,2000,1000,sampling,0.3,0.4075,0.70375
9,2000,1000,laplace,0.3,0.4075,0.70375
9,2000,1000,sampling,0.6,0.476,1.1005
9,2000,1000,laplace,0.6,0.4075,0.70375
9,2000,1000,sampling,1.0,0.6785000000000001,1.34525
9,2000,1000,laplace,1.0,0.4075,0.70375
10,2000,1000,sampling,0.3,0.42700000000000005,0.655
10,2000,1000,laplace,0.3,0.42700000000000005,0.655
10,2000,1000,sampling,0.6,0.42700000000000005,0.655
10,2000,1000,laplace,0.6,0.42700000000000005,0.655
10,2000,1000,sampling,1.0,1.4705,1.37725
10,2000,1000,laplace,1.0,0.42700000000000005,0.655
11,2000,1000,sampling,0.3,0.4635,0.66925
11,2000,1000,laplace,0.3,0.4635,0.66925
11,2000,1000,sampling,0.6,0.659,1.378
11,2000,1000,laplace,0.6,0.4635,0.66925
11,2000,1000,sampling,1.0,0.4635,0.66925
11,2000,1000,laplace,1.0,0.4635,0.66925
12,2000,1000,sampling,0.3,0.4085,0.69025
12,2000,1000,laplace,0.3,0.4085,0.69025
12,2000,1000,sampling,0.6,0.4085,0.69025
12,2000,1000,laplace,0.6,0.4085,0.69025
12,2000,1000,sampling,1.0,0.6544999999999999,1.36125
12,2000,1000,laplace,1.0,0.4085,0.69025
13,2000,1000,sampling,0.3,0.4795,0.68875
13,2000,1000,laplace,0.3,0.4795,0.68875
13,2000,1000,sampling,0.6,0.4795,0.68875
13,2000,1000,laplace,0.6,0.4795,0.68875
13,2000,1000,sampling,1.0,0.4795,0.68875
13,2000,1000,laplace,1.0,0.4795,0.68875
14,2000,1000,sampling,0.3,0.7015,1.36625
14,2000,1000,laplace,0.3,0.451,0.6835
14,2000,1000,sampling,0.6,0.451,0.6835
14,2000,1000,laplace,0.6,0.451,0.6835
14,2000,1000,sampling,1.0,0.7015,1.36625
14,2000,1000,laplace,1.0,0.451,0.6835
15,2000,1000,sampling,0.3,0.4455,0.68725
15,2000,1000,laplace,0.3,0.4455,0.68725
15,2000,1000,sampling,0.6,0.6615,1.39225
15,2000,1000,laplace,0.6,0.4455,0.68725
15,2000,1000,sampling,1.0,0.4455,0.68725
15,2000,1000,laplace,1.0,0.4455,0.68725
16,2000,1000,sampling,0.3,0.43149999999999994,0.66075
16,2000,1000,laplace,0.3,0.43149999999999994,0.66075
16,2000,1000,sampling,0.6,0.667,1.3935
16,2000,1000,laplace,0.6,0.43149999999999994,0.66075
16,2000,1000,sampling,1.0,0.667,1.3935
16,2000,1000,laplace,1.0,0.43149999999999994,0.66075
17,2000,1000,sampling,0.3,0.427,0.6785
17,2000,1000,laplace,0.3,0.427,0.6785
17,2000,1000,sampling,0.6,0.427,0.6785
17,2000,1000,laplace,0.6,0.427,0.6785
17,2000,1000,sampling,1.0,0.427,0.6785
17,2000,1000,laplace,1.0,0.427,0.6785
18,2000,1000,sampling,0.3,0.456,0.684
18,2000,1000,laplace,0.3,0.456,0.684
18,2000,1000,sampling,0.6,0.474,1.0695
18,2000,1000,laplace,0.6,0.456,0.684
18,2000,1000,sampling,1.0,0.474,1.0695
18,2000,1000,laplace,1.0,0.456,0.684
19,2000,1000,sampling,0.3,0.4765,0.69125
19,2000,1000,laplace,0.3,0.4765,0.69125
19,2000,1000,sampling,0.6,1.3860000000000001,1.378
19,2000,1000,laplace,0.6,0.4765,0.69125
19,2000,1000,sampling,1.0,0.4445,1.06975
19,2000,1000,laplace,1.0,0.4765,0.69125
20,2000,1000,sampling,0.3,0.4395,0.69075
20,2000,1000,laplace,0.3,0.4395,0.69075
20,2000,1000,sampling,0.6,0.6619999999999999,1.3695
20,2000,1000,laplace,0.6,0.4395,0.69075
20,2000,1000,sampling,1.0,0.6619999999999999,1.3695
20,2000,1000,laplace,1.0,0.4395,0.69075
21,2000,1000,sampling,0.3,0.42349999999999993,0.67075
21,2000,1000,laplace,0.3,0.42349999999999993,0.67075
21,2000,1000,sampling,0.6,0.6564999999999999,1.37575
21,2000,1000,laplace,0.6,0.42349999999999993,0.67075
21,2000,1000,sampling,1.0,0.42349999999999993,0.67075
21,2000,1000,laplace,1.0,0.42349999999999993,0.67075
22,2000,1000,sampling,0.3,0.447,0.6745
22,2000,1000,laplace,0.3,0.447,0.6745
22,2000,1000,sampling,0.6,0.69,1.4005
22,2000,1000,laplace,0.6,0.447,0.6745
22,2000,1000,sampling,1.0,0.69,1.4005
22,2000,1000,laplace,1.0,0.447,0.6745
23,2000,1000,sampling,0.3,0.4735,0.69675
23,2000,1000,laplace,0.3,0.4735,0.69675
23,2000,1000,sampling,0.6,0.4139999999999999,1.0455
23,2000,1000,laplace,0.6,0.4735,0.69675
23,2000,1000,sampling,1.0,0.4735,0.69675
23,2000,1000,laplace,1.0,0.4735,0.69675
24,2000,1000,sampling,0.3,0.47400000000000003,0.684
24,2000,1000,laplace,0.3,0.47400000000000003,0.684
24,2000,1000,sampling,0.6,1.4124999999999999,1.35725
24,2000,1000,laplace,0.6,0.47400000000000003,0.684
24,2000,1000,sampling,1.0,1.4124999999999999,1.35725
24,2000,1000,laplace,1.0,0.47400000000000003,0.684
25,2000,1000,sampling,0.3,0.4595,0.67025
25,2000,1000,laplace,0.3,0.4595,0.67025
25,2000,1000,sampling,0.6,0.4595,0.67025
25,2000,1000,laplace,0.6,0.4595,0.67025
25,2000,1000,sampling,1.0,0.6185,1.37125
25,2000,1000,laplace,1.0,0.4595,0.67025
26,2000,1000,sampling,0.3,0.49699999999999994,0.7005
26,2000,1000,laplace,0.3,0.49699999999999994,0.7005
26,2000,1000,sampling,0.6,0.49699999999999994,0.7005
26,2000,1000,laplace,0.6,0.49699999999999994,0.7005
26,2000,1000,sampling,1.0,1.3984999999999999,1.36175
26,2000,1000,laplace,1.0,0.49699999999999994,0.7005
27,2000,1000,sampling,0.3,0.406,0.6675
27,2000,1000,laplace,0.3,0.406,0.6675
27,2000,1000,sampling,0.6,0.6285000000000001,1.36425
27,2000,1000,laplace,0.6,0.406,0.6675
27,2000,1000,sampling,1.0,0.6285000000000001,1.36425
27,2000,1000,laplace,1.0,0.406,0.6675
28,2000,1000,sampling,0.3,0.444,0.69
28,2000,1000,laplace,0.3,0.444,0.69
28,2000,1000,sampling,0.6,0.4404999999999999,1.07875
28,2000,1000,laplace,0.6,0.444,0.69
28,2000,1000,sampling,1.0,0.4404999999999999,1.07875
28,2000,1000,laplace,1.0,0.444,0.69
29,2000,1000,sampling,0.3,0.39250000000000007,0.66525
29,2000,1000,laplace,0.3,0.39250000000000007,0.66525
29,2000,1000,sampling,0.6,0.39250000000000007,0.66525
29,2000,1000,laplace,0.6,0.39250000000000007,0.66525
29,2000,1000,sampling,1.0,0.6559999999999999,1.39
29,2000,1000,laplace,1.0,0.39250000000000007,0.66525
30,2000,1000,sampling,0.3,0.43149999999999994,0.67975
30,2000,1000,laplace,0.3,0.43149999999999994,0.67975
30,2000,1000,sampling,0.6,0.43149999999999994,0.67975
30,2000,1000,laplace,0.6,0.43149999999999994,0.67975
30,2000,1000,sampling,1.0,0.43149999999999994,0.67975
30,2000,1000,laplace,1.0,0.43149999999999994,0.67975
31,2000,1000,sampling,0.3,0.45450000000000007,0.70075
31,2000,1000,laplace,0.3,0.45450000000000007,0.70075
31,2000,1000,sampling,0.6,0.6875,1.39325
31,2000,1000,laplace,0.6,0.45450000000000007,0.70075
31,2000,1000,sampling,1.0,1.4245,1.35475
31,2000,1000,laplace,1.0,0.45450000000000007,0.70075
32,2000,1000,sampling,0.3,0.44449999999999995,0.69025
32,2000,1000,laplace,0.3,0.44449999999999995,0.69025
32,2000,1000,sampling,0.6,0.6739999999999999,1.3845
32,2000,1000,laplace,0.6,0.44449999999999995,0.69025
32,2000,1000,sampling,1.0,0.44449999999999995,0.69025
32,2000,1000,laplace,1.0,0.44449999999999995,0.69025
33,2000,1000,sampling,0.3,0.44999999999999996,1.0815
33,2000,1000,laplace,0.3,0.419,0.6565
33,2000,1000,sampling,0.6,0.419,0.6565
33,2000,1000,laplace,0.6,0.419,0.6565
33,2000,1000,sampling,1.0,0.419,0.6565
33,2000,1000,laplace,1.0,0.419,0.6565
34,2000,1000,sampling,0.3,0.46799999999999997,0.6705
34,2000,1000,laplace,0.3,0.46799999999999997,0.6705
34,2000,1000,sampling,0.6,0.43999999999999984,1.0935
34,2000,1000,laplace,0.6,0.46799999999999997,0.6705
34,2000,1000,sampling,1.0,0.6435,1.36875
34,2000,1000,laplace,1.0,0.46799999999999997,0.6705
35,2000,1000,sampling,0.3,0.46049999999999996,0.68125
35,2000,1000,laplace,0.3,0.46049999999999996,0.68125
35,2000,1000,sampling,0.6,1.481,1.37
35,2000,1000,laplace,0.6,0.46049999999999996,0.68125
35,2000,1000,sampling,1.0,0.46049999999999996,0.68125
35,2000,1000,laplace,1.0,0.46049999999999996,0.68125
36,2000,1000,sampling,0.3,0.42800000000000005,0.6575
36,2000,1000,laplace,0.3,0.42800000000000005,0.6575
36,2000,1000,sampling,0.6,0.45300000000000007,1.0675
36,2000,1000,laplace,0.6,0.42800000000000005,0.6575
36,2000,1000,sampling,1.0,0.42800000000000005,0.6575
36,2000,1000,laplace,1.0,0.42800000000000005,0.6575
37,2000,1000,sampling,0.3,0.45249999999999996,0.67825
37,2000,1000,laplace,0.3,0.45249999999999996,0.67825
37,2000,1000,sampling,0.6,1.4860000000000002,1.3825
37,2000,1000,laplace,0.6,0.45249999999999996,0.67825
37,2000,1000,sampling,1.0,0.639,1.3725
37,2000,1000,laplace,1.0,0.45249999999999996,0.67825
38,2000,1000,sampling,0.3,0.44150000000000006,0.65175
38,2000,1000,laplace,0.3,0.44150000000000006,0.65175
38,2000,1000,sampling,0.6,0.44150000000000006,0.65175
38,2000,1000,laplace,0.6,0.44150000000000006,0.65175
38,2000,1000,sampling,1.0,0.44150000000000006,0.65175
38,2000,1000,laplace,1.0,0.44150000000000006,0.65175
39,2000,1000,sampling,0.3,0.46149999999999997,0.67175
39,2000,1000,laplace,0.3,0.46149999999999997,0.67175
39,2000,1000,sampling,0.6,0.46149999999999997,0.67175
39,2000,1000,laplace,0.6,0.46149999999999997,0.67175
39,2000,1000,sampling,1.0,1.4515000000000002,1.36225
39,2000,1000,laplace,1.0,0.46149999999999997,0.67175
40,2000,1000,sampling,0.3,0.4685,0.67175
40,2000,1000,laplace,0.3,0.4685,0.67175
40,2000,1000,sampling,0.6,0.4685,0.67175
40,2000,1000,laplace,0.6,0.4685,0.67175
40,2000,1000,sampling,1.0,0.3979999999999999,1.098
40,2000,1000,laplace,1.0,0.4685,0.67175
41,2000,1000,sampling,0.3,0.43999999999999995,0.6835
41,2000,1000,laplace,0.3,0.43999999999999995,0.6835
41,2000,1000,sampling,0.6,0.6984999999999999,1.35875
41,2000,1000,laplace,0.6,0.43999999999999995,0.6835
41,2000,1000,sampling,1.0,0.6984999999999999,1.35875
41,2000,1000,laplace,1.0,0.43999999999999995,0.6835
42,2000,1000,sampling,0.3,0.439,0.6775
42,2000,1000,laplace,0.3,0.439,0.6775
42,2000,1000,sampling,0.6,0.439,0.6775
42,2000,1000,laplace,0.6,0.439,0.6775
42,2000,1000,sampling,1.0,1.4545,1.39325
42,2000,1000,laplace,1.0,0.439,0.6775
43,2000,1000,sampling,0.3,0.48700000000000004,0.6935
43,2000,1000,laplace,0.3,0.48700000000000004,0.6935
43,2000,1000,sampling,0.6,0.48700000000000004,0.6935
43,2000,1000,laplace,0.6,0.48700000000000004,0.6935
43,2000,1000,sampling,1.0,0.41900000000000004,1.0625
43,2000,1000,laplace,1.0,0.48700000000000004,0.6935
44,2000,1000,sampling,0.3,0.44199999999999995,0.6635
44,2000,1000,laplace,0.3,0.44199999999999995,0.6635
44,2000,1000,sampling,0.6,0.4125,1.05775
44,2000,1000,laplace,0.6,0.44199999999999995,0.6635
44,2000,1000,sampling,1.0,0.4125,1.05775
44,2000,1000,laplace,1.0,0.44199999999999995,0.6635
45,2000,1000,sampling,0.3,0.4465,0.67575
45,2000,1000,laplace,0.3,0.4465,0.67575
45,2000,1000,sampling,0.6,0.4465,0.67575
45,2000,1000,laplace,0.6,0.4465,0.67575
45,2000,1000,sampling,1.0,0.714,1.3705
45,2000,1000,laplace,1.0,0.4465,0.67575
46,2000,1000,sampling,0.3,0.41800000000000004,0.6615
46,2000,1000,laplace,0.3,0.41800000000000004,0.6615
46,2000,1000,sampling,0.6,0.41800000000000004,0.6615
46,2000,1000,laplace,0.6,0.41800000000000004,0.6615
46,2000,1000,sampling,1.0,0.6905000000000001,1.39025
46,2000,1000,laplace,1.0,0.41800000000000004,0.6615
47,2000,1000,sampling,0.3,0.48100000000000004,0.6895
47,2000,1000,laplace,0.3,0.48100000000000004,0.6895
47,2000,1000,sampling,0.6,0.657,1.3605
47,2000,1000,laplace,0.6,0.48100000000000004,0.6895
47,2000,1000,sampling,1.0,0.44600000000000006,1.077
47,2000,1000,laplace,1.0,0.48100000000000004,0.6895
48,2000,1000,sampling,0.3,0.48400000000000004,0.676
48,2000,1000,laplace,0.3,0.48400000000000004,0.676
48,2000,1000,sampling,0.6,0.48400000000000004,0.676
48,2000,1000,laplace,0.6,0.48400000000000004,0.676
48,2000,1000,sampling,1.0,0.48400000000000004,0.676
48,2000,1000,laplace,1.0,0.48400000000000004,0.676
49,2000,1000,sampling,0.3,0.457,0.6695
49,2000,1000,laplace,0.3,0.457,0.6695
49,2000,1000,sampling,0.6,0.457,0.6695
49,2000,1000,laplace,0.6,0.457,0.6695
49,2000,1000,sampling,1.0,0.4474999999999999,1.08925
49,2000,1000,laplace,1.0,0.457,0.6695
50,2000,1000,sampling,0.3,0.639,1.358
50,2000,1000,laplace,0.3,0.4415,0.68725
50,2000,1000,sampling,0.6,0.639,1.358
50,2000,1000,laplace,0.6,0.4415,0.68725
50,2000,1000,sampling,1.0,0.4365,1.08025
50,2000,1000,laplace,1.0,0.4415,0.68725
51,2000,1000,sampling,0.3,0.6259999999999999,1.341
51,2000,1000,laplace,0.3,0.46900000000000003,0.6995
51,2000,1000,sampling,0.6,0.4445000000000001,1.08925
51,2000,1000,laplace,0.6,0.46900000000000003,0.6995
51,2000,1000,sampling,1.0,0.46900000000000003,0.6995
51,2000,1000,laplace,1.0,0.46900000000000003,0.6995
52,2000,1000,sampling,0.3,0.418,0.6845
52,2000,1000,laplace,0.3,0.418,0.6845
52,2000,1000,sampling,0.6,0.418,0.6845
52,2000,1000,laplace,0.6,0.418,0.6845
52,2000,1000,sampling,1.0,1.4489999999999998,1.371
52,2000,1000,laplace,1.0,0.418,0.6845
53,2000,1000,sampling,0.3,0.42949999999999994,0.68075
53,2000,1000,laplace,0.3,0.42949999999999994,0.68075
53,2000,1000,sampling,0.6,0.42949999999999994,0.68075
53,2000,1000,laplace,0.6,0.42949999999999994,0.68075
53,2000,1000,sampling,1.0,0.42949999999999994,0.68075
53,2000,1000,laplace,1.0,0.42949999999999994,0.68075
54,2000,1000,sampling,0.3,0.426,0.679
54,2000,1000,laplace,0.3,0.426,0.679
54,2000,1000,sampling,0.6,0.4565,1.06025
54,2000,1000,laplace,0.6,0.426,0.679
54,2000,1000,sampling,1.0,0.6495,1.37425
54,2000,1000,laplace,1.0,0.426,0.679
55,2000,1000,sampling,0.3,0.46950000000000003,1.07725
55,2000,1000,laplace,0.3,0.47750000000000004,0.68525
55,2000,1000,sampling,0.6,0.46950000000000003,1.07725
55,2000,1000,laplace,0.6,0.47750000000000004,0.68525
55,2000,1000,sampling,1.0,0.46950000000000003,1.07725
55,2000,1000,laplace,1.0,0.47750000000000004,0.68525
56,2000,1000,sampling,0.3,0.413,0.6515
56,2000,1000,laplace,0.3,0.413,0.6515
56,2000,1000,sampling,0.6,0.6699999999999999,1.3765
56,2000,1000,laplace,0.6,0.413,0.6515
56,2000,1000,sampling,1.0,0.4425,1.09125
56,2000,1000,laplace,1.0,0.413,0.6515
57,2000,1000,sampling,0.3,0.424,0.665
57,2000,1000,laplace,0.3,0.424,0.665
57,2000,1000,sampling,0.6,0.44199999999999995,1.0895
57,2000,1000,laplace,0.6,0.424,0.665
57,2000,1000,sampling,1.0,1.491,1.3715
57,2000,1000,laplace,1.0,0.424,0.665
58,2000,1000,sampling,0.3,0.443,0.699
58,2000,1000,laplace,0.3,0.443,0.699
58,2000,1000,sampling,0.6,0.443,0.699
58,2000,1000,laplace,0.6,0.443,0.699
58,2000,1000,sampling,1.0,0.443,0.699
58,2000,1000,laplace,1.0,0.443,0.699
59,2000,1000,sampling,0.3,0.466,0.68
59,2000,1000,laplace,0.3,0.466,0.68
59,2000,1000,sampling,0.6,0.6485000000000001,1.37275
59,2000,1000,laplace,0.6,0.466,0.68
59,2000,1000,sampling,1.0,0.4284999999999999,1.06275
59,2000,1000,laplace,1.0,0.466,0.68
60,2000,1000,sampling,0.3,0.4605,0.70725
60,2000,1000,laplace,0.3,0.4605,0.70725
60,2000,1000,sampling,0.6,0.4605,0.70725
60,2000,1000,laplace,0.6,0.4605,0.70725
60,2000,1000,sampling,1.0,0.4605,0.70725
60,2000,1000,laplace,1.0,0.4605,0.70725
61,2000,1000,sampling,0.3,0.44599999999999995,0.6775
61,2000,1000,laplace,0.3,0.44599999999999995,0.6775
61,2000,1000,sampling,0.6,0.44599999999999995,0.6775
61,2000,1000,laplace,0.6,0.44599999999999995,0.6775
61,2000,1000,sampling,1.0,1.4409999999999998,1.367
61,2000,1000,laplace,1.0,0.44599999999999995,0.6775
62,2000,1000,sampling,0.3,0.47650000000000003,0.69475
62,2000,1000,laplace,0.3,0.47650000000000003,0.69475
62,2000,1000,sampling,0.6,0.47650000000000003,0.69475
62,2000,1000,laplace,0.6,0.47650000000000003,0.69475
62,2000,1000,sampling,1.0,0.6184999999999998,1.34875
62,2000,1000,laplace,1.0,0.47650000000000003,0.69475
63,2000,1000,sampling,0.3,0.5090000000000001,0.6795
63,2000,1000,laplace,0.3,0.5090000000000001,0.6795
63,2000,1000,sampling,0.6,0.5090000000000001,0.6795
63,2000,1000,laplace,0.6,0.5090000000000001,0.6795
63,2000,1000,sampling,1.0,0.4324999999999999,1.06475
63,2000,1000,laplace,1.0,0.5090000000000001,0.6795
64,2000,1000,sampling,0.3,0.396,0.675
64,2000,1000,laplace,0.3,0.396,0.675
64,2000,1000,sampling,0.6,0.46050000000000013,1.07325
64,2000,1000,laplace,0.6,0.396,0.675
64,2000,1000,sampling,1.0,0.46050000000000013,1.07325
64,2000,1000,laplace,1.0,0.396,0.675
65,2000,1000,sampling,0.3,0.475,0.672
65,2000,1000,laplace,0.3,0.475,0.672
65,2000,1000,sampling,0.6,0.475,0.672
65,2000,1000,laplace,0.6,0.475,0.672
65,2000,1000,sampling,1.0,0.4355000000000001,1.06375
65,2000,1000,laplace,1.0,0.475,0.672
66,2000,1000,sampling,0.3,0.48099999999999987,1.085
66,2000,1000,laplace,0.3,0.47000000000000003,0.692
66,2000,1000,sampling,0.6,0.48099999999999987,1.085
66,2000,1000,laplace,0.6,0.47000000000000003,0.692
66,2000,1000,sampling,1.0,0.6675,1.36275
66,2000,1000,laplace,1.0,0.47000000000000003,0.692
67,2000,1000,sampling,0.3,0.6695,1.36375
67,2000,1000,laplace,0.3,0.433,0.6745
67,2000,1000,sampling,0.6,0.6695,1.36375
67,2000,1000,laplace,0.6,0.433,0.6745
67,2000,1000,sampling,1.0,0.43100000000000005,1.0825
67,2000,1000,laplace,1.0,0.433,0.6745
68,2000,1000,sampling,0.3,0.4515,0.66625
68,2000,1000,laplace,0.3,0.4515,0.66625
68,2000,1000,sampling,0.6,0.4515,0.66625
68,2000,1000,laplace,0.6,0.4515,0.66625
68,2000,1000,sampling,1.0,0.44999999999999996,1.0615
68,2000,1000,laplace,1.0,0.4515,0.66625
69,2000,1000,sampling,0.3,0.49650000000000005,0.67975
69,2000,1000,laplace,0.3,0.49650000000000005,0.67975
69,2000,1000,sampling,0.6,0.49650000000000005,0.67975
69,2000,1000,laplace,0.6,0.49650000000000005,0.67975
69,2000,1000,sampling,1.0,0.44900000000000007,1.1135
69,2000,1000,laplace,1.0,0.49650000000000005,0.67975
70,2000,1000,sampling,0.3,0.41050000000000003,0.66525
70,2000,1000,laplace,0.3,0.41050000000000003,0.66525
70,2000,1000,sampling,0.6,0.42899999999999994,1.062
70,2000,1000,laplace,0.6,0.41050000000000003,0.66525
70,2000,1000,sampling,1.0,0.41050000000000003,0.66525
70,2000,1000,laplace,1.0,0.41050000000000003,0.66525
71,2000,1000,sampling,0.3,0.45149999999999996,0.68375
71,2000,1000,laplace,0.3,0.45149999999999996,0.68375
71,2000,1000,sampling,0.6,0.675,1.378
71,2000,1000,laplace,0.6,0.45149999999999996,0.68375
71,2000,1000,sampling,1.0,0.45149999999999996,0.68375
71,2000,1000,laplace,1.0,0.45149999999999996,0.68375
72,2000,1000,sampling,0.3,0.47400000000000003,0.692
72,2000,1000,laplace,0.3,0.47400000000000003,0.692
72,2000,1000,sampling,0.6,0.47400000000000003,0.692
72,2000,1000,laplace,0.6,0.47400000000000003,0.692
72,2000,1000,sampling,1.0,0.6179999999999999,1.3625
72,2000,1000,laplace,1.0,0.47400000000000003,0.692
73,2000,1000,sampling,0.3,0.451,0.6685
73,2000,1000,laplace,0.3,0.451,0.6685
73,2000,1000,sampling,0.6,0.6555,1.36675
73,2000,1000,laplace,0.6,0.451,0.6685
73,2000,1000,sampling,1.0,0.6555,1.36675
73,2000,1000,laplace,1.0,0.451,0.6685
74,2000,1000,sampling,0.3,0.413,0.703
74,2000,1000,laplace,0.3,0.413,0.703
74,2000,1000,sampling,0.6,0.7115,1.35875
74,2000,1000,laplace,0.6,0.413,0.703
74,2000,1000,sampling,1.0,0.43599999999999994,1.0465
74,2000,1000,laplace,1.0,0.413,0.703
75,2000,1000,sampling,0.3,0.415,0.6655
75,2000,1000,laplace,0.3,0.415,0.6655
75,2000,1000,sampling,0.6,1.4845000000000002,1.37775
75,2000,1000,laplace,0.6,0.415,0.6655
75,2000,1000,sampling,1.0,0.6419999999999999,1.3755
75,2000,1000,laplace,1.0,0.415,0.6655
76,2000,1000,sampling,0.3,0.423,0.6475
76,2000,1000,laplace,0.3,0.423,0.6475
76,2000,1000,sampling,0.6,0.423,0.6475
76,2000,1000,laplace,0.6,0.423,0.6475
76,2000,1000,sampling,1.0,1.4344999999999999,1.35425
76,2000,1000,laplace,1.0,0.423,0.6475
77,2000,1000,sampling,0.3,0.4605,0.67275
77,2000,1000,laplace,0.3,0.4605,0.67275
77,2000,1000,sampling,0.6,0.6655,1.36725
77,2000,1000,laplace,0.6,0.4605,0.67275
77,2000,1000,sampling,1.0,0.6655,1.36725
77,2000,1000,laplace,1.0,0.4605,0.67275
78,2000,1000,sampling,0.3,0.466,0.682
78,2000,1000,laplace,0.3,0.466,0.682
78,2000,1000,sampling,0.6,0.44400000000000006,1.0595
78,2000,1000,laplace,0.6,0.466,0.682
78,2000,1000,sampling,1.0,1.4625,1.36925
78,2000,1000,laplace,1.0,0.466,0.682
79,2000,1000,sampling,0.3,0.4305,0.68525
79,2000,1000,laplace,0.3,0.4305,0.68525
79,2000,1000,sampling,0.6,0.4305,0.68525
79,2000,1000,laplace,0.6,0.4305,0.68525
79,2000,1000,sampling,1.0,0.4305,0.68525
79,2000,1000,laplace,1.0,0.4305,0.68525
80,2000,1000,sampling,0.3,0.47050000000000003,0.68275
80,2000,1000,laplace,0.3,0.47050000000000003,0.68275
80,2000,1000,sampling,0.6,0.47050000000000003,0.68275
80,2000,1000,laplace,0.6,0.47050000000000003,0.68275
80,2000,1000,sampling,1.0,0.47050000000000003,0.68275
80,2000,1000,laplace,1.0,0.47050000000000003,0.68275
81,2000,1000,sampling,0.3,0.44,0.669
81,2000,1000,laplace,0.3,0.44,0.669
81,2000,1000,sampling,0.6,0.6475,1.36925
81,2000,1000,laplace,0.6,0.44,0.669
81,2000,1000,sampling,1.0,0.6475,1.36925
81,2000,1000,laplace,1.0,0.44,0.669
82,2000,1000,sampling,0.3,0.4555,0.68025
82,2000,1000,laplace,0.3,0.4555,0.68025
82,2000,1000,sampling,0.6,0.4555,0.68025
82,2000,1000,laplace,0.6,0.4555,0.68025
82,2000,1000,sampling,1.0,1.4795000000000003,1.38025
82,2000,1000,laplace,1.0,0.4555,0.68025
83,2000,1000,sampling,0.3,0.425,0.705
83,2000,1000,laplace,0.3,0.425,0.705
83,2000,1000,sampling,0.6,0.6194999999999999,1.37125
83,2000,1000,laplace,0.6,0.425,0.705
83,2000,1000,sampling,1.0,0.425,0.705
83,2000,1000,laplace,1.0,0.425,0.705
84,2000,1000,sampling,0.3,0.47750000000000004,0.68825
84,2000,1000,laplace,0.3,0.47750000000000004,0.68825
84,2000,1000,sampling,0.6,0.6535,1.36975
84,2000,1000,laplace,0.6,0.47750000000000004,0.68825
84,2000,1000,sampling,1.0,0.47750000000000004,0.68825
84,2000,1000,laplace,1.0,0.47750000000000004,0.68825
85,2000,1000,sampling,0.3,0.4829999999999999,1.074
85,2000,1000,laplace,0.3,0.512,0.696
85,2000,1000,sampling,0.6,0.512,0.696
85,2000,1000,laplace,0.6,0.512,0.696
85,2000,1000,sampling,1.0,0.512,0.696
85,2000,1000,laplace,1.0,0.512,0.696
86,2000,1000,sampling,0.3,0.43999999999999995,0.6605
86,2000,1000,laplace,0.3,0.43999999999999995,0.6605
86,2000,1000,sampling,0.6,0.4620000000000001,1.067
86,2000,1000,laplace,0.6,0.43999999999999995,0.6605
86,2000,1000,sampling,1.0,1.4194999999999998,1.36975
86,2000,1000,laplace,1.0,0.43999999999999995,0.6605
87,2000,1000,sampling,0.3,0.4155,0.65425
87,2000,1000,laplace,0.3,0.4155,0.65425
87,2000,1000,sampling,0.6,0.6475,1.38075
87,2000,1000,laplace,0.6,0.4155,0.65425
87,2000,1000,sampling,1.0,0.4155,0.65425
87,2000,1000,laplace,1.0,0.4155,0.65425
88,2000,1000,sampling,0.3,0.4125,0.68225
88,2000,1000,laplace,0.3,0.4125,0.68225
88,2000,1000,sampling,0.6,0.4125,0.68225
88,2000,1000,laplace,0.6,0.4125,0.68225
88,2000,1000,sampling,1.0,0.43599999999999994,1.0975
88,2000,1000,laplace,1.0,0.4125,0.68225
89,2000,1000,sampling,0.3,0.44899999999999995,0.661
89,2000,1000,laplace,0.3,0.44899999999999995,0.661
89,2000,1000,sampling,0.6,0.4474999999999999,1.08925
89,2000,1000,laplace,0.6,0.44899999999999995,0.661
89,2000,1000,sampling,1.0,0.611,1.364
89,2000,1000,laplace,1.0,0.44899999999999995,0.661
90,2000,1000,sampling,0.3,0.4835,0.70375
90,2000,1000,laplace,0.3,0.4835,0.70375
90,2000,1000,sampling,0.6,0.401,1.0655
90,2000,1000,laplace,0.6,0.4835,0.70375
90,2000,1000,sampling,1.0,0.4835,0.70375
90,2000,1000,laplace,1.0,0.4835,0.70375
91,2000,1000,sampling,0.3,0.461,0.6885
91,2000,1000,laplace,0.3,0.461,0.6885
91,2000,1000,sampling,0.6,0.6309999999999998,1.377
91,2000,1000,laplace,0.6,0.461,0.6885
91,2000,1000,sampling,1.0,0.6309999999999998,1.377
91,2000,1000,laplace,1.0,0.461,0.6885
92,2000,1000,sampling,0.3,0.4285,0.66175
92,2000,1000,laplace,0.3,0.4285,0.66175
92,2000,1000,sampling,0.6,0.4285,0.66175
92,2000,1000,laplace,0.6,0.4285,0.66175
92,2000,1000,sampling,1.0,0.43000000000000005,1.071
92,2000,1000,laplace,1.0,0.4285,0.66175
93,2000,1000,sampling,0.3,0.4315,0.69075
93,2000,1000,laplace,0.3,0.4315,0.69075
93,2000,1000,sampling,0.6,0.6275000000000002,1.36275
93,2000,1000,laplace,0.6,0.4315,0.69075
93,2000,1000,sampling,1.0,1.4829999999999997,1.359
93,2000,1000,laplace,1.0,0.4315,0.69075
94,2000,1000,sampling,0.3,0.434,0.664
94,2000,1000,laplace,0.3,0.434,0.664
94,2000,1000,sampling,0.6,0.6890000000000001,1.3825
94,2000,1000,laplace,0.6,0.434,0.664
94,2000,1000,sampling,1.0,0.434,0.664
94,2000,1000,laplace,1.0,0.434,0.664
95,2000,1000,sampling,0.3,0.49749999999999994,0.70525
95,2000,1000,laplace,0.3,0.49749999999999994,0.70525
95,2000,1000,sampling,0.6,0.6555,1.37625
95,2000,1000,laplace,0.6,0.49749999999999994,0.70525
95,2000,1000,sampling,1.0,1.3905,1.38225
95,2000,1000,laplace,1.0,0.49749999999999994,0.70525
96,2000,1000,sampling,0.3,0.4135,0.66825
96,2000,1000,laplace,0.3,0.4135,0.66825
96,2000,1000,sampling,0.6,0.5165,1.07725
96,2000,1000,laplace,0.6,0.4135,0.66825
96,2000,1000,sampling,1.0,0.4135,0.66825
96,2000,1000,laplace,1.0,0.4135,0.66825
97,2000,1000,sampling,0.3,0.477,0.681
97,2000,1000,laplace,0.3,0.477,0.681
97,2000,1000,sampling,0.6,0.6535,1.38625
97,2000,1000,laplace,0.6,0.477,0.681
97,2000,1000,sampling,1.0,0.477,0.681
97,2000,1000,laplace,1.0,0.477,0.681
98,2000,1000,sampling,0.3,0.4455,0.67025
98,2000,1000,laplace,0.3,0.4455,0.67025
98,2000,1000,sampling,0.6,0.4205000000000001,1.06925
98,2000,1000,laplace,0.6,0.4455,0.67025
98,2000,1000,sampling,1.0,0.4205000000000001,1.06925
98,2000,1000,laplace,1.0,0.4455,0.67025
99,2000,1000,sampling,0.3,0.48250000000000004,0.68375
99,2000,1000,laplace,0.3,0.48250000000000004,0.68375
99,2000,1000,sampling,0.6,0.48250000000000004,0.68375
99,2000,1000,laplace,0.6,0.48250000000000004,0.68375
99,2000,1000,sampling,1.0,0.48250000000000004,0.68375
99,2000,1000,laplace,1.0,0.48250000000000004,0.68375
0,4000,2000,sampling,0.3,0.4375,0.6865
0,4000,2000,laplace,0.3,0.4375,0.6865
0,4000,2000,sampling,0.6,0.4375,0.6865
0,4000,2000,laplace,0.6,0.4375,0.6865
0,4000,2000,sampling,1.0,0.69225,1.370875
0,4000,2000,laplace,1.0,0.4375,0.6865
1,4000,2000,sampling,0.3,0.4485,0.674
1,4000,2000,laplace,0.3,0.4485,0.674
1,4000,2000,sampling,0.6,0.4472499999999999,1.080125
1,4000,2000,laplace,0.6,0.4485,0.674
1,4000,2000,sampling,1.0,1.44575,1.368375
1,4000,2000,laplace,1.0,0.4485,0.674
2,4000,2000,sampling,0.3,0.4415,0.68125
2,4000,2000,laplace,0.3,0.4415,0.68125
2,4000,2000,sampling,0.6,0.50975,1.081125
2,4000,2000,laplace,0.6,0.4415,0.68125
2,4000,2000,sampling,1.0,0.50975,1.081125
2,4000,2000,laplace,1.0,0.4415,0.68125
3,4000,2000,sampling,0.3,0.43799999999999994,0.6835
3,4000,2000,laplace,0.3,0.43799999999999994,0.6835
3,4000,2000,sampling,0.6,0.6655000000000002,1.373
3,4000,2000,laplace,0.6,0.43799999999999994,0.6835
3,4000,2000,sampling,1.0,0.43799999999999994,0.6835
3,4000,2000,laplace,1.0,0.43799999999999994,0.6835
4,4000,2000,sampling,0.3,0.4624999999999999,1.081
4,4000,2000,laplace,0.3,0.44349999999999995,0.67075
4,4000,2000,sampling,0.6,0.44349999999999995,0.67075
4,4000,2000,laplace,0.6,0.44349999999999995,0.67075
4,4000,2000,sampling,1.0,0.44349999999999995,0.67075
4,4000,2000,laplace,1.0,0.44349999999999995,0.67075
5,4000,2000,sampling,0.3,0.41900000000000004,0.6785
5,4000,2000,laplace,0.3,0.41900000000000004,0.6785
5,4000,2000,sampling,0.6,0.4564999999999999,1.06675
5,4000,2000,laplace,0.6,0.41900000000000004,0.6785
5,4000,2000,sampling,1.0,0.41900000000000004,0.6785
5,4000,2000,laplace,1.0,0.41900000000000004,0.6785
6,4000,2000,sampling,0.3,0.47424999999999995,0.673375
6,4000,2000,laplace,0.3,0.47424999999999995,0.673375
6,4000,2000,sampling,0.6,0.47424999999999995,0.673375
6,4000,2000,laplace,0.6,0.47424999999999995,0.673375
6,4000,2000,sampling,1.0,0.4527500000000001,1.058375
6,4000,2000,laplace,1.0,0.47424999999999995,0.673375
7,4000,2000,sampling,0.3,0.459,0.6525
7,4000,2000,laplace,0.3,0.459,0.6525
7,4000,2000,sampling,0.6,0.459,0.6525
7,4000,2000,laplace,0.6,0.459,0.6525
7,4000,2000,sampling,1.0,0.6135000000000002,1.37025
7,4000,2000,laplace,1.0,0.459,0.6525
8,4000,2000,sampling,0.3,0.45024999999999993,1.065875
8,4000,2000,laplace,0.3,0.459,0.6715
8,4000,2000,sampling,0.6,0.459,0.6715
8,4000,2000,laplace,0.6,0.459,0.6715
8,4000,2000,sampling,1.0,0.45024999999999993,1.065875
8,4000,2000,laplace,1.0,0.459,0.6715
9,4000,2000,sampling,0.3,0.468,0.676
9,4000,2000,laplace,0.3,0.468,0.676
9,4000,2000,sampling,0.6,0.468,0.676
9,4000,2000,laplace,0.6,0.468,0.676
9,4000,2000,sampling,1.0,0.468,0.676
9,4000,2000,laplace,1.0,0.468,0.676
10,4000,2000,sampling,0.3,0.45724999999999993,0.678125
10,4000,2000,laplace,0.3,0.45724999999999993,0.678125
10,4000,2000,sampling,0.6,0.42225,1.064125
10,4000,2000,laplace,0.6,0.45724999999999993,0.678125
10,4000,2000,sampling,1.0,1.429,1.388
10,4000,2000,laplace,1.0,0.45724999999999993,0.678125
11,4000,2000,sampling,0.3,0.45524999999999993,0.680125
11,4000,2000,laplace,0.3,0.45524999999999993,0.680125
11,4000,2000,sampling,0.6,0.45524999999999993,0.680125
11,4000,2000,laplace,0.6,0.45524999999999993,0.680125
11,4000,2000,sampling,1.0,0.659,1.37125
11,4000,2000,laplace,1.0,0.45524999999999993,0.680125
12,4000,2000,sampling,0.3,0.41900000000000004,0.6855
12,4000,2000,laplace,0.3,0.41900000000000004,0.6855
12,4000,2000,sampling,0.6,0.4405,1.0935
12,4000,2000,laplace,0.6,0.41900000000000004,0.6855
12,4000,2000,sampling,1.0,1.47675,1.343875
12,4000,2000,laplace,1.0,0.41900000000000004,0.6855
13,4000,2000,sampling,0.3,0.43474999999999997,0.681875
13,4000,2000,laplace,0.3,0.43474999999999997,0.681875
13,4000,2000,sampling,0.6,0.6260000000000001,1.38
13,4000,2000,laplace,0.6,0.43474999999999997,0.681875
13,4000,2000,sampling,1.0,0.4882500000000001,1.070625
13,4000,2000,laplace,1.0,0.43474999999999997,0.681875
14,4000,2000,sampling,0.3,0.46125,0.691625
14,4000,2000,laplace,0.3,0.46125,0.691625
14,4000,2000,sampling,0.6,0.46125,0.691625
14,4000,2000,laplace,0.6,0.46125,0.691625
14,4000,2000,sampling,1.0,0.4327500000000001,1.074375
14,4000,2000,laplace,1.0,0.46125,0.691625
15,4000,2000,sampling,0.3,0.47025,0.663875
15,4000,2000,laplace,0.3,0.47025,0.663875
15,4000,2000,sampling,0.6,0.47025,0.663875
15,4000,2000,laplace,0.6,0.47025,0.663875
15,4000,2000,sampling,1.0,0.63175,1.365875
15,4000,2000,laplace,1.0,0.47025,0.663875
16,4000,2000,sampling,0.3,0.45925,0.658625
16,4000,2000,laplace,0.3,0.45925,0.658625
16,4000,2000,sampling,0.6,0.45925,0.658625
16,4000,2000,laplace,0.6,0.45925,0.658625
16,4000,2000,sampling,1.0,0.45925,0.658625
16,4000,2000,laplace,1.0,0.45925,0.658625
17,4000,2000,sampling,0.3,0.45025000000000004,0.676875
17,4000,2000,laplace,0.3,0.45025000000000004,0.676875
17,4000,2000,sampling,0.6,0.6457499999999998,1.375625
17,4000,2000,laplace,0.6,0.45025000000000004,0.676875
17,4000,2000,sampling,1.0,1.471,1.38
17,4000,2000,laplace,1.0,0.45025000000000004,0.676875
18,4000,2000,sampling,0.3,0.43324999999999997,0.657625
18,4000,2000,laplace,0.3,0.43324999999999997,0.657625
18,4000,2000,sampling,0.6,0.4625,1.092
18,4000,2000,laplace,0.6,0.43324999999999997,0.657625
18,4000,2000,sampling,1.0,1.44525,1.356875
18,4000,2000,laplace,1.0,0.43324999999999997,0.657625
19,4000,2000,sampling,0.3,0.4405000000000001,1.0705
19,4000,2000,laplace,0.3,0.4655,0.6915
19,4000,2000,sampling,0.6,0.4655,0.6915
19,4000,2000,laplace,0.6,0.4655,0.6915
19,4000,2000,sampling,1.0,0.4655,0.6915
19,4000,2000,laplace,1.0,0.4655,0.6915
20,4000,2000,sampling,0.3,0.4345,0.67175
20,4000,2000,laplace,0.3,0.4345,0.67175
20,4000,2000,sampling,0.6,0.4345,0.67175
20,4000,2000,laplace,0.6,0.4345,0.67175
20,4000,2000,sampling,1.0,1.47025,1.392875
20,4000,2000,laplace,1.0,0.4345,0.67175
21,4000,2000,sampling,0.3,0.47825000000000006,0.677875
21,4000,2000,laplace,0.3,0.47825000000000006,0.677875
21,4000,2000,sampling,0.6,0.39625,1.053875
21,4000,2000,laplace,0.6,0.47825000000000006,0.677875
21,4000,2000,sampling,1.0,1.4495,1.37875
21,4000,2000,laplace,1.0,0.47825000000000006,0.677875
22,4000,2000,sampling,0.3,0.45175,0.665375
22,4000,2000,laplace,0.3,0.45175,0.665375
22,4000,2000,sampling,0.6,0.6584999999999999,1.37075
22,4000,2000,laplace,0.6,0.45175,0.665375
22,4000,2000,sampling,1.0,0.45175,0.665375
22,4000,2000,laplace,1.0,0.45175,0.665375
23,4000,2000,sampling,0.3,0.442,0.669
23,4000,2000,laplace,0.3,0.442,0.669
23,4000,2000,sampling,0.6,0.442,0.669
23,4000,2000,laplace,0.6,0.442,0.669
23,4000,2000,sampling,1.0,0.442,0.669
23,4000,2000,laplace,1.0,0.442,0.669
24,4000,2000,sampling,0.3,0.43875000000000003,0.677375
24,4000,2000,laplace,0.3,0.43875000000000003,0.677375
24,4000,2000,sampling,0.6,1.4614999999999998,1.38175
24,4000,2000,laplace,0.6,0.43875000000000003,0.677375
24,4000,2000,sampling,1.0,0.6504999999999999,1.378
24,4000,2000,laplace,1.0,0.43875000000000003,0.677375
25,4000,2000,sampling,0.3,0.6465000000000001,1.371
25,4000,2000,laplace,0.3,0.44799999999999995,0.69375
25,4000,2000,sampling,0.6,0.44799999999999995,0.69375
25,4000,2000,laplace,0.6,0.44799999999999995,0.69375
25,4000,2000,sampling,1.0,0.44799999999999995,0.69375
25,4000,2000,laplace,1.0,0.44799999999999995,0.69375
26,4000,2000,sampling,0.3,0.46950000000000003,0.68725
26,4000,2000,laplace,0.3,0.46950000000000003,0.68725
26,4000,2000,sampling,0.6,0.65175,1.367125
26,4000,2000,laplace,0.6,0.46950000000000003,0.68725
26,4000,2000,sampling,1.0,0.46950000000000003,0.68725
26,4000,2000,laplace,1.0,0.46950000000000003,0.68725
27,4000,2000,sampling,0.3,0.44525000000000003,0.681125
27,4000,2000,laplace,0.3,0.44525000000000003,0.681125
27,4000,2000,sampling,0.6,0.44525000000000003,0.681125
27,4000,2000,laplace,0.6,0.44525000000000003,0.681125
27,4000,2000,sampling,1.0,0.6729999999999998,1.372
27,4000,2000,laplace,1.0,0.44525000000000003,0.681125
28,4000,2000,sampling,0.3,0.44225000000000003,0.670625
28,4000,2000,laplace,0.3,0.44225000000000003,0.670625
28,4000,2000,sampling,0.6,0.44225000000000003,0.670625
28,4000,2000,laplace,0.6,0.44225000000000003,0.670625
28,4000,2000,sampling,1.0,0.45775,1.071625
28,4000,2000,laplace,1.0,0.44225000000000003,0.670625
29,4000,2000,sampling,0.3,0.41500000000000004,0.67025
29,4000,2000,laplace,0.3,0.41500000000000004,0.67025
29,4000,2000,sampling,0.6,0.41500000000000004,0.67025
29,4000,2000,laplace,0.6,0.41500000000000004,0.67025
29,4000,2000,sampling,1.0,0.4850000000000001,1.0835
29,4000,2000,laplace,1.0,0.41500000000000004,0.67025
30,4000,2000,sampling,0.3,0.4925,0.6995
30,4000,2000,laplace,0.3,0.4925,0.6995
30,4000,2000,sampling,0.6,0.6487499999999999,1.387125
30,4000,2000,laplace,0.6,0.4925,0.6995
30,4000,2000,sampling,1.0,0.6487499999999999,1.387125
30,4000,2000,laplace,1.0,0.4925,0.6995
31,4000,2000,sampling,0.3,0.4805,0.69925
31,4000,2000,laplace,0.3,0.4805,0.69925
31,4000,2000,sampling,0.6,0.4805,0.69925
31,4000,2000,laplace,0.6,0.4805,0.69925
31,4000,2000,sampling,1.0,0.4805,0.69925
31,4000,2000,laplace,1.0,0.4805,0.69925
32,4000,2000,sampling,0.3,0.46549999999999997,0.68675
32,4000,2000,laplace,0.3,0.46549999999999997,0.68675
32,4000,2000,sampling,0.6,0.63825,1.369625
32,4000,2000,laplace,0.6,0.46549999999999997,0.68675
32,4000,2000,sampling,1.0,0.4302499999999999,1.073875
32,4000,2000,laplace,1.0,0.46549999999999997,0.68675
33,4000,2000,sampling,0.3,0.4125,0.66075
33,4000,2000,laplace,0.3,0.4125,0.66075
33,4000,2000,sampling,0.6,0.4125,0.66075
33,4000,2000,laplace,0.6,0.4125,0.66075
33,4000,2000,sampling,1.0,0.663,1.37725
33,4000,2000,laplace,1.0,0.4125,0.66075
34,4000,2000,sampling,0.3,0.44225000000000003,0.674875
34,4000,2000,laplace,0.3,0.44225000000000003,0.674875
34,4000,2000,sampling,0.6,0.6732499999999999,1.380125
34,4000,2000,laplace,0.6,0.44225000000000003,0.674875
34,4000,2000,sampling,1.0,0.6732499999999999,1.380125
34,4000,2000,laplace,1.0,0.44225000000000003,0.674875
35,4000,2000,sampling,0.3,0.45725000000000005,0.675125
35,4000,2000,laplace,0.3,0.45725000000000005,0.675125
35,4000,2000,sampling,0.6,0.45725000000000005,0.675125
35,4000,2000,laplace,0.6,0.45725000000000005,0.675125
35,4000,2000,sampling,1.0,0.653,1.3845
35,4000,2000,laplace,1.0,0.45725000000000005,0.675125
36,4000,2000,sampling,0.3,0.43850000000000006,0.6755
36,4000,2000,laplace,0.3,0.43850000000000006,0.6755
36,4000,2000,sampling,0.6,0.4830000000000001,1.09375
36,4000,2000,laplace,0.6,0.43850000000000006,0.6755
36,4000,2000,sampling,1.0,0.43850000000000006,0.6755
36,4000,2000,laplace,1.0,0.43850000000000006,0.6755
37,4000,2000,sampling,0.3,0.6697500000000001,1.375875
37,4000,2000,laplace,0.3,0.4405,0.691
37,4000,2000,sampling,0.6,0.4405,0.691
37,4000,2000,laplace,0.6,0.4405,0.691
37,4000,2000,sampling,1.0,0.45100000000000007,1.0805
37,4000,2000,laplace,1.0,0.4405,0.691
38,4000,2000,sampling,0.3,0.43599999999999994,0.6845
38,4000,2000,laplace,0.3,0.43599999999999994,0.6845
38,4000,2000,sampling,0.6,0.43599999999999994,0.6845
38,4000,2000,laplace,0.6,0.43599999999999994,0.6845
38,4000,2000,sampling,1.0,0.43599999999999994,0.6845
38,4000,2000,laplace,1.0,0.43599999999999994,0.6845
39,4000,2000,sampling,0.3,0.447,0.66875
39,4000,2000,laplace,0.3,0.447,0.66875
39,4000,2000,sampling,0.6,0.447,0.66875
39,4000,2000,laplace,0.6,0.447,0.66875
39,4000,2000,sampling,1.0,0.447,0.66875
39,4000,2000,laplace,1.0,0.447,0.66875
40,4000,2000,sampling,0.3,0.45825000000000005,0.674875
40,4000,2000,laplace,0.3,0.45825000000000005,0.674875
40,4000,2000,sampling,0.6,0.6359999999999999,1.36475
40,4000,2000,laplace,0.6,0.45825000000000005,0.674875
40,4000,2000,sampling,1.0,0.6359999999999999,1.36475
40,4000,2000,laplace,1.0,0.45825000000000005,0.674875
41,4000,2000,sampling,0.3,0.49174999999999996,0.668625
41,4000,2000,laplace,0.3,0.49174999999999996,0.668625
41,4000,2000,sampling,0.6,0.49174999999999996,0.668625
41,4000,2000,laplace,0.6,0.49174999999999996,0.668625
41,4000,2000,sampling,1.0,0.49174999999999996,0.668625
41,4000,2000,laplace,1.0,0.49174999999999996,0.668625
42,4000,2000,sampling,0.3,0.44175,0.678375
42,4000,2000,laplace,0.3,0.44175,0.678375
42,4000,2000,sampling,0.6,0.44175,0.678375
42,4000,2000,laplace,0.6,0.44175,0.678375
42,4000,2000,sampling,1.0,0.44175,0.678375
42,4000,2000,laplace,1.0,0.44175,0.678375
43,4000,2000,sampling,0.3,0.446,0.691
43,4000,2000,laplace,0.3,0.446,0.691
43,4000,2000,sampling,0.6,1.4435,1.3825
43,4000,2000,laplace,0.6,0.446,0.691
43,4000,2000,sampling,1.0,0.692,1.3625
43,4000,2000,laplace,1.0,0.446,0.691
44,4000,2000,sampling,0.3,0.41274999999999995,0.669125
44,4000,2000,laplace,0.3,0.41274999999999995,0.669125
44,4000,2000,sampling,0.6,0.6620000000000001,1.356
44,4000,2000,laplace,0.6,0.41274999999999995,0.669125
44,4000,2000,sampling,1.0,0.41274999999999995,0.669125
44,4000,2000,laplace,1.0,0.41274999999999995,0.669125
45,4000,2000,sampling,0.3,0.42724999999999996,0.689875
45,4000,2000,laplace,0.3,0.42724999999999996,0.689875
45,4000,2000,sampling,0.6,0.6387499999999999,1.369375
45,4000,2000,laplace,0.6,0.42724999999999996,0.689875
45,4000,2000,sampling,1.0,0.6387499999999999,1.369375
45,4000,2000,laplace,1.0,0.42724999999999996,0.689875
46,4000,2000,sampling,0.3,0.43324999999999997,0.674625
46,4000,2000,laplace,0.3,0.43324999999999997,0.674625
46,4000,2000,sampling,0.6,0.44199999999999995,1.0595
46,4000,2000,laplace,0.6,0.43324999999999997,0.674625
46,4000,2000,sampling,1.0,0.44199999999999995,1.0595
46,4000,2000,laplace,1.0,0.43324999999999997,0.674625
47,4000,2000,sampling,0.3,0.45624999999999993,0.679625
47,4000,2000,laplace,0.3,0.45624999999999993,0.679625
47,4000,2000,sampling,0.6,0.45624999999999993,0.679625
47,4000,2000,laplace,0.6,0.45624999999999993,0.679625
47,4000,2000,sampling,1.0,0.44125000000000003,1.073875
47,4000,2000,laplace,1.0,0.45624999999999993,0.679625
48,4000,2000,sampling,0.3,0.4615,0.68625
48,4000,2000,laplace,0.3,0.4615,0.68625
48,4000,2000,sampling,0.6,0.47125000000000006,1.081125
48,4000,2000,laplace,0.6,0.4615,0.68625
48,4000,2000,sampling,1.0,0.4615,0.68625
48,4000,2000,laplace,1.0,0.4615,0.68625
49,4000,2000,sampling,0.3,0.45925000000000005,0.682375
49,4000,2000,laplace,0.3,0.45925000000000005,0.682375
49,4000,2000,sampling,0.6,0.45925000000000005,0.682375
49,4000,2000,laplace,0.6,0.45925000000000005,0.682375
49,4000,2000,sampling,1.0,0.6427500000000002,1.371625
49,4000,2000,laplace,1.0,0.45925000000000005,0.682375
50,4000,2000,sampling,0.3,0.4275,0.66825
50,4000,2000,laplace,0.3,0.4275,0.66825
50,4000,2000,sampling,0.6,0.46699999999999997,1.0875
50,4000,2000,laplace,0.6,0.4275,0.66825
50,4000,2000,sampling,1.0,0.6565000000000001,1.376
50,4000,2000,laplace,1.0,0.4275,0.66825
51,4000,2000,sampling,0.3,0.45225000000000004,1.080625
51,4000,2000,laplace,0.3,0.433,0.66975
51,4000,2000,sampling,0.6,1.436,1.364
51,4000,2000,laplace,0.6,0.433,0.66975
51,4000,2000,sampling,1.0,0.6787500000000002,1.385625
51,4000,2000,laplace,1.0,0.433,0.66975
52,4000,2000,sampling,0.3,0.6347499999999999,1.385875
52,4000,2000,laplace,0.3,0.44549999999999995,0.67375
52,4000,2000,sampling,0.6,0.44549999999999995,0.67375
52,4000,2000,laplace,0.6,0.44549999999999995,0.67375
52,4000,2000,sampling,1.0,0.6347499999999999,1.385875
52,4000,2000,laplace,1.0,0.44549999999999995,0.67375
53,4000,2000,sampling,0.3,0.422,0.66525
53,4000,2000,laplace,0.3,0.422,0.66525
53,4000,2000,sampling,0.6,0.422,0.66525
53,4000,2000,laplace,0.6,0.422,0.66525
53,4000,2000,sampling,1.0,0.6737500000000001,1.382625
53,4000,2000,laplace,1.0,0.422,0.66525
54,4000,2000,sampling,0.3,0.44375,0.691875
54,4000,2000,laplace,0.3,0.44375,0.691875
54,4000,2000,sampling,0.6,0.42274999999999996,1.059625
54,4000,2000,laplace,0.6,0.44375,0.691875
54,4000,2000,sampling,1.0,0.7202499999999998,1.369625
54,4000,2000,laplace,1.0,0.44375,0.691875
55,4000,2000,sampling,0.3,0.64375,1.387375
55,4000,2000,laplace,0.3,0.45775000000000005,0.672875
55,4000,2000,sampling,0.6,0.64375,1.387375
55,4000,2000,laplace,0.6,0.45775000000000005,0.672875
55,4000,2000,sampling,1.0,0.45775000000000005,0.672875
55,4000,2000,laplace,1.0,0.45775000000000005,0.672875
56,4000,2000,sampling,0.3,0.43400000000000005,0.689
56,4000,2000,laplace,0.3,0.43400000000000005,0.689
56,4000,2000,sampling,0.6,0.43400000000000005,0.689
56,4000,2000,laplace,0.6,0.43400000000000005,0.689
56,4000,2000,sampling,1.0,0.45075,1.058625
56,4000,2000,laplace,1.0,0.43400000000000005,0.689
57,4000,2000,sampling,0.3,0.43200000000000005,0.66675
57,4000,2000,laplace,0.3,0.43200000000000005,0.66675
57,4000,2000,sampling,0.6,0.43200000000000005,0.66675
57,4000,2000,laplace,0.6,0.43200000000000005,0.66675
57,4000,2000,sampling,1.0,0.43200000000000005,0.66675
57,4000,2000,laplace,1.0,0.43200000000000005,0.66675
58,4000,2000,sampling,0.3,0.46125,0.662375
58,4000,2000,laplace,0.3,0.46125,0.662375
58,4000,2000,sampling,0.6,0.6285000000000001,1.364
58,4000,2000,laplace,0.6,0.46125,0.662375
58,4000,2000,sampling,1.0,0.6285000000000001,1.364
58,4000,2000,laplace,1.0,0.46125,0.662375
59,4000,2000,sampling,0.3,0.45675,0.686875
59,4000,2000,laplace,0.3,0.45675,0.686875
59,4000,2000,sampling,0.6,0.6615,1.386
59,4000,2000,laplace,0.6,0.45675,0.686875
59,4000,2000,sampling,1.0,0.4355000000000001,1.065
59,4000,2000,laplace,1.0,0.45675,0.686875
60,4000,2000,sampling,0.3,0.44075000000000003,0.680375
60,4000,2000,laplace,0.3,0.44075000000000003,0.680375
60,4000,2000,sampling,0.6,0.44075000000000003,0.680375
60,4000,2000,laplace,0.6,0.44075000000000003,0.680375
60,4000,2000,sampling,1.0,0.45924999999999994,1.072875
60,4000,2000,laplace,1.0,0.44075000000000003,0.680375
61,4000,2000,sampling,0.3,0.46825,0.665125
61,4000,2000,laplace,0.3,0.46825,0.665125
61,4000,2000,sampling,0.6,0.46825,0.665125
61,4000,2000,laplace,0.6,0.46825,0.665125
61,4000,2000,sampling,1.0,0.6447499999999999,1.381625
61,4000,2000,laplace,1.0,0.46825,0.665125
62,4000,2000,sampling,0.3,0.43299999999999994,1.07325
62,4000,2000,laplace,0.3,0.46475,0.690125
62,4000,2000,sampling,0.6,0.46475,0.690125
62,4000,2000,laplace,0.6,0.46475,0.690125
62,4000,2000,sampling,1.0,0.6492499999999999,1.386125
62,4000,2000,laplace,1.0,0.46475,0.690125
63,4000,2000,sampling,0.3,0.48000000000000004,0.688
63,4000,2000,laplace,0.3,0.48000000000000004,0.688
63,4000,2000,sampling,0.6,0.48000000000000004,0.688
63,4000,2000,laplace,0.6,0.48000000000000004,0.688
63,4000,2000,sampling,1.0,0.4292499999999999,1.069625
63,4000,2000,laplace,1.0,0.48000000000000004,0.688
64,4000,2000,sampling,0.3,0.464,0.673
64,4000,2000,laplace,0.3,0.464,0.673
64,4000,2000,sampling,0.6,0.6492500000000001,1.357125
64,4000,2000,laplace,0.6,0.464,0.673
64,4000,2000,sampling,1.0,1.4292500000000001,1.385375
64,4000,2000,laplace,1.0,0.464,0.673
65,4000,2000,sampling,0.3,0.44375000000000003,0.669875
65,4000,2000,laplace,0.3,0.44375000000000003,0.669875
65,4000,2000,sampling,0.6,0.6327499999999999,1.378875
65,4000,2000,laplace,0.6,0.44375000000000003,0.669875
65,4000,2000,sampling,1.0,0.44375000000000003,0.669875
65,4000,2000,laplace,1.0,0.44375000000000003,0.669875
66,4000,2000,sampling,0.3,0.42625,0.680875
66,4000,2000,laplace,0.3,0.42625,0.680875
66,4000,2000,sampling,0.6,0.46550000000000014,1.07475
66,4000,2000,laplace,0.6,0.42625,0.680875
66,4000,2000,sampling,1.0,0.649,1.389
66,4000,2000,laplace,1.0,0.42625,0.680875
67,4000,2000,sampling,0.3,0.42824999999999996,0.676375
67,4000,2000,laplace,0.3,0.42824999999999996,0.676375
67,4000,2000,sampling,0.6,0.6355,1.38075
67,4000,2000,laplace,0.6,0.42824999999999996,0.676375
67,4000,2000,sampling,1.0,1.44475,1.357875
67,4000,2000,laplace,1.0,0.42824999999999996,0.676375
68,4000,2000,sampling,0.3,0.45375,0.690625
68,4000,2000,laplace,0.3,0.45375,0.690625
68,4000,2000,sampling,0.6,0.41325,1.068125
68,4000,2000,laplace,0.6,0.45375,0.690625
68,4000,2000,sampling,1.0,0.6539999999999999,1.363
68,4000,2000,laplace,1.0,0.45375,0.690625
69,4000,2000,sampling,0.3,0.41224999999999995,0.664125
69,4000,2000,laplace,0.3,0.41224999999999995,0.664125
69,4000,2000,sampling,0.6,0.41224999999999995,0.664125
69,4000,2000,laplace,0.6,0.41224999999999995,0.664125
69,4000,2000,sampling,1.0,0.43399999999999994,1.0755
69,4000,2000,laplace,1.0,0.41224999999999995,0.664125
70,4000,2000,sampling,0.3,0.47575,0.687625
70,4000,2000,laplace,0.3,0.47575,0.687625
70,4000,2000,sampling,0.6,0.47575,0.687625
70,4000,2000,laplace,0.6,0.47575,0.687625
70,4000,2000,sampling,1.0,1.416,1.36275
70,4000,2000,laplace,1.0,0.47575,0.687625
71,4000,2000,sampling,0.3,0.47175000000000006,0.690125
71,4000,2000,laplace,0.3,0.47175000000000006,0.690125
71,4000,2000,sampling,0.6,0.43499999999999994,1.07075
71,4000,2000,laplace,0.6,0.47175000000000006,0.690125
71,4000,2000,sampling,1.0,0.62575,1.363125
71,4000,2000,laplace,1.0,0.47175000000000006,0.690125
72,4000,2000,sampling,0.3,0.4525,0.677
72,4000,2000,laplace,0.3,0.4525,0.677
72,4000,2000,sampling,0.6,0.4525,0.677
72,4000,2000,laplace,0.6,0.4525,0.677
72,4000,2000,sampling,1.0,1.46175,1.361875
72,4000,2000,laplace,1.0,0.4525,0.677
73,4000,2000,sampling,0.3,0.41725,0.687625
73,4000,2000,laplace,0.3,0.41725,0.687625
73,4000,2000,sampling,0.6,0.41725,0.687625
73,4000,2000,laplace,0.6,0.41725,0.687625
73,4000,2000,sampling,1.0,0.41725,0.687625
73,4000,2000,laplace,1.0,0.41725,0.687625
74,4000,2000,sampling,0.3,0.454,0.68325
74,4000,2000,laplace,0.3,0.454,0.68325
74,4000,2000,sampling,0.6,0.454,0.68325
74,4000,2000,laplace,0.6,0.454,0.68325
74,4000,2000,sampling,1.0,0.4667499999999999,1.073625
74,4000,2000,laplace,1.0,0.454,0.68325
75,4000,2000,sampling,0.3,0.69075,1.378375
75,4000,2000,laplace,0.3,0.46325,0.667375
75,4000,2000,sampling,0.6,0.46325,0.667375
75,4000,2000,laplace,0.6,0.46325,0.667375
75,4000,2000,sampling,1.0,1.4252500000000001,1.366625
75,4000,2000,laplace,1.0,0.46325,0.667375
76,4000,2000,sampling,0.3,0.47,0.6705
76,4000,2000,laplace,0.3,0.47,0.6705
76,4000,2000,sampling,0.6,0.6305000000000001,1.36775
76,4000,2000,laplace,0.6,0.47,0.6705
76,4000,2000,sampling,1.0,0.44900000000000007,1.085
76,4000,2000,laplace,1.0,0.47,0.6705
77,4000,2000,sampling,0.3,0.43600000000000005,0.67275
77,4000,2000,laplace,0.3,0.43600000000000005,0.67275
77,4000,2000,sampling,0.6,0.6535000000000002,1.383
77,4000,2000,laplace,0.6,0.43600000000000005,0.67275
77,4000,2000,sampling,1.0,0.6535000000000002,1.383
77,4000,2000,laplace,1.0,0.43600000000000005,0.67275
78,4000,2000,sampling,0.3,0.46325,0.698875
78,4000,2000,laplace,0.3,0.46325,0.698875
78,4000,2000,sampling,0.6,0.6449999999999998,1.374
78,4000,2000,laplace,0.6,0.46325,0.698875
78,4000,2000,sampling,1.0,0.6449999999999998,1.374
78,4000,2000,laplace,1.0,0.46325,0.698875
79,4000,2000,sampling,0.3,0.46324999999999994,0.677125
79,4000,2000,laplace,0.3,0.46324999999999994,0.677125
79,4000,2000,sampling,0.6,0.65425,1.374875
79,4000,2000,laplace,0.6,0.46324999999999994,0.677125
79,4000,2000,sampling,1.0,0.4455,1.06925
79,4000,2000,laplace,1.0,0.46324999999999994,0.677125
80,4000,2000,sampling,0.3,0.46725,0.696875
80,4000,2000,laplace,0.3,0.46725,0.696875
80,4000,2000,sampling,0.6,0.6652499999999999,1.363875
80,4000,2000,laplace,0.6,0.46725,0.696875
80,4000,2000,sampling,1.0,0.46725,0.696875
80,4000,2000,laplace,1.0,0.46725,0.696875
81,4000,2000,sampling,0.3,0.43925000000000003,0.659375
81,4000,2000,laplace,0.3,0.43925000000000003,0.659375
81,4000,2000,sampling,0.6,0.43925000000000003,0.659375
81,4000,2000,laplace,0.6,0.43925000000000003,0.659375
81,4000,2000,sampling,1.0,0.6572500000000001,1.381125
81,4000,2000,laplace,1.0,0.43925000000000003,0.659375
82,4000,2000,sampling,0.3,0.442,0.66425
82,4000,2000,laplace,0.3,0.442,0.66425
82,4000,2000,sampling,0.6,0.442,0.66425
82,4000,2000,laplace,0.6,0.442,0.66425
82,4000,2000,sampling,1.0,0.442,0.66425
82,4000,2000,laplace,1.0,0.442,0.66425
83,4000,2000,sampling,0.3,0.45749999999999996,0.684
83,4000,2000,laplace,0.3,0.45749999999999996,0.684
83,4000,2000,sampling,0.6,0.45749999999999996,0.684
83,4000,2000,laplace,0.6,0.45749999999999996,0.684
83,4000,2000,sampling,1.0,0.6427500000000002,1.360375
83,4000,2000,laplace,1.0,0.45749999999999996,0.684
84,4000,2000,sampling,0.3,0.42525,0.673125
84,4000,2000,laplace,0.3,0.42525,0.673125
84,4000,2000,sampling,0.6,0.42525,0.673125
84,4000,2000,laplace,0.6,0.42525,0.673125
84,4000,2000,sampling,1.0,1.4657499999999999,1.380375
84,4000,2000,laplace,1.0,0.42525,0.673125
85,4000,2000,sampling,0.3,0.45949999999999996,0.69175
85,4000,2000,laplace,0.3,0.45949999999999996,0.69175
85,4000,2000,sampling,0.6,0.66225,1.384875
85,4000,2000,laplace,0.6,0.45949999999999996,0.69175
85,4000,2000,sampling,1.0,0.4515,1.0675
85,4000,2000,laplace,1.0,0.45949999999999996,0.69175
86,4000,2000,sampling,0.3,0.4685,0.67775
86,4000,2000,laplace,0.3,0.4685,0.67775
86,4000,2000,sampling,0.6,0.4685,0.67775
86,4000,2000,laplace,0.6,0.4685,0.67775
86,4000,2000,sampling,1.0,0.42475000000000007,1.061875
86,4000,2000,laplace,1.0,0.4685,0.67775
87,4000,2000,sampling,0.3,0.4767500000000001,1.064375
87,4000,2000,laplace,0.3,0.43625,0.673625
87,4000,2000,sampling,0.6,0.43625,0.673625
87,4000,2000,laplace,0.6,0.43625,0.673625
87,4000,2000,sampling,1.0,0.43625,0.673625
87,4000,2000,laplace,1.0,0.43625,0.673625
88,4000,2000,sampling,0.3,0.46175000000000005,0.672125
88,4000,2000,laplace,0.3,0.46175000000000005,0.672125
88,4000,2000,sampling,0.6,0.4675,1.08425
88,4000,2000,laplace,0.6,0.46175000000000005,0.672125
88,4000,2000,sampling,1.0,1.4267499999999997,1.377375
88,4000,2000,laplace,1.0,0.46175000000000005,0.672125
89,4000,2000,sampling,0.3,0.42025,0.657625
89,4000,2000,laplace,0.3,0.42025,0.657625
89,4000,2000,sampling,0.6,1.4617499999999999,1.383625
89,4000,2000,laplace,0.6,0.42025,0.657625
89,4000,2000,sampling,1.0,1.4617499999999999,1.383625
89,4000,2000,laplace,1.0,0.42025,0.657625
90,4000,2000,sampling,0.3,0.4505,0.674
90,4000,2000,laplace,0.3,0.4505,0.674
90,4000,2000,sampling,0.6,0.4505,0.674
90,4000,2000,laplace,0.6,0.4505,0.674
90,4000,2000,sampling,1.0,0.4720000000000001,1.08275
90,4000,2000,laplace,1.0,0.4505,0.674
91,4000,2000,sampling,0.3,0.446,0.67325
91,4000,2000,laplace,0.3,0.446,0.67325
91,4000,2000,sampling,0.6,0.43374999999999986,1.075375
91,4000,2000,laplace,0.6,0.446,0.67325
91,4000,2000,sampling,1.0,0.6669999999999998,1.375
91,4000,2000,laplace,1.0,0.446,0.67325
92,4000,2000,sampling,0.3,0.433,0.67675
92,4000,2000,laplace,0.3,0.433,0.67675
92,4000,2000,sampling,0.6,0.6695,1.386
92,4000,2000,laplace,0.6,0.433,0.67675
92,4000,2000,sampling,1.0,0.433,0.67675
92,4000,2000,laplace,1.0,0.433,0.67675
93,4000,2000,sampling,0.3,0.48999999999999994,0.67775
93,4000,2000,laplace,0.3,0.48999999999999994,0.67775
93,4000,2000,sampling,0.6,0.4275000000000001,1.08175
93,4000,2000,laplace,0.6,0.48999999999999994,0.67775
93,4000,2000,sampling,1.0,1.45925,1.361875
93,4000,2000,laplace,1.0,0.48999999999999994,0.67775
94,4000,2000,sampling,0.3,0.471,0.686
94,4000,2000,laplace,0.3,0.471,0.686
94,4000,2000,sampling,0.6,0.471,0.686
94,4000,2000,laplace,0.6,0.471,0.686
94,4000,2000,sampling,1.0,1.4724999999999997,1.39075
94,4000,2000,laplace,1.0,0.471,0.686
95,4000,2000,sampling,0.3,0.45225,0.670125
95,4000,2000,laplace,0.3,0.45225,0.670125
95,4000,2000,sampling,0.6,0.4767500000000001,1.090375
95,4000,2000,laplace,0.6,0.45225,0.670125
95,4000,2000,sampling,1.0,0.4767500000000001,1.090375
95,4000,2000,laplace,1.0,0.45225,0.670125
96,4000,2000,sampling,0.3,0.46499999999999997,0.683
96,4000,2000,laplace,0.3,0.46499999999999997,0.683
96,4000,2000,sampling,0.6,0.6399999999999999,1.36925
96,4000,2000,laplace,0.6,0.46499999999999997,0.683
96,4000,2000,sampling,1.0,0.6399999999999999,1.36925
96,4000,2000,laplace,1.0,0.46499999999999997,0.683
97,4000,2000,sampling,0.3,0.44875,0.689875
97,4000,2000,laplace,0.3,0.44875,0.689875
97,4000,2000,sampling,0.6,0.6467500000000002,1.352375
97,4000,2000,laplace,0.6,0.44875,0.689875
97,4000,2000,sampling,1.0,0.44875,0.689875
97,4000,2000,laplace,1.0,0.44875,0.689875
98,4000,2000,sampling,0.3,0.44675,0.680875
98,4000,2000,laplace,0.3,0.44675,0.680875
98,4000,2000,sampling,0.6,0.66075,1.371125
98,4000,2000,laplace,0.6,0.44675,0.680875
98,4000,2000,sampling,1.0,0.4587500000000001,1.067375
98,4000,2000,laplace,1.0,0.44675,0.680875
99,4000,2000,sampling,0.3,0.46125,0.663625
99,4000,2000,laplace,0.3,0.46125,0.663625
99,4000,2000,sampling,0.6,0.66275,1.381375
99,4000,2000,laplace,0.6,0.46125,0.663625
99,4000,2000,sampling,1.0,0.66275,1.381375
99,4000,2000,laplace,1.0,0.46125,0.663625
